{
    "access-point": "0xf002",
    "access-point-network": "0xf003",
    "account": "0xf004",
    "account-alert": "0xf005",
    "account-alert-outline": "0xfb2c",
    "account-arrow-left": "0xfb2d",
    "account-arrow-left-outline": "0xfb2e",
    "account-arrow-right": "0xfb2f",
    "account-arrow-right-outline": "0xfb30",
    "account-box": "0xf006",
    "account-box-multiple": "0xf933",
    "account-box-outline": "0xf007",
    "account-card-details": "0xf5d2",
    "account-check": "0xf008",
    "account-child": "0xfa88",
    "account-child-circle": "0xfa89",
    "account-circle": "0xf009",
    "account-circle-outline": "0xfb31",
    "account-clock": "0xfb32",
    "account-clock-outline": "0xfb33",
    "account-convert": "0xf00a",
    "account-details": "0xf631",
    "account-edit": "0xf6bb",
    "account-group": "0xf848",
    "account-group-outline": "0xfb34",
    "account-heart": "0xf898",
    "account-key": "0xf00b",
    "account-location": "0xf00c",
    "account-minus": "0xf00d",
    "account-minus-outline": "0xfaeb",
    "account-multiple": "0xf00e",
    "account-multiple-check": "0xf8c4",
    "account-multiple-minus": "0xf5d3",
    "account-multiple-outline": "0xf00f",
    "account-multiple-plus": "0xf010",
    "account-multiple-plus-outline": "0xf7ff",
    "account-network": "0xf011",
    "account-off": "0xf012",
    "account-outline": "0xf013",
    "account-plus": "0xf014",
    "account-plus-outline": "0xf800",
    "account-question": "0xfb35",
    "account-question-outline": "0xfb36",
    "account-remove": "0xf015",
    "account-remove-outline": "0xfaec",
    "account-search": "0xf016",
    "account-search-outline": "0xf934",
    "account-settings": "0xf630",
    "account-star": "0xf017",
    "account-supervisor": "0xfa8a",
    "account-supervisor-circle": "0xfa8b",
    "account-switch": "0xf019",
    "accusoft": "0xf849",
    "adjust": "0xf01a",
    "adobe": "0xf935",
    "air-conditioner": "0xf01b",
    "airballoon": "0xf01c",
    "airplane": "0xf01d",
    "airplane-landing": "0xf5d4",
    "airplane-off": "0xf01e",
    "airplane-takeoff": "0xf5d5",
    "airplay": "0xf01f",
    "airport": "0xf84a",
    "alarm": "0xf020",
    "alarm-bell": "0xf78d",
    "alarm-check": "0xf021",
    "alarm-light": "0xf78e",
    "alarm-multiple": "0xf022",
    "alarm-off": "0xf023",
    "alarm-plus": "0xf024",
    "alarm-snooze": "0xf68d",
    "album": "0xf025",
    "alert": "0xf026",
    "alert-box": "0xf027",
    "alert-circle": "0xf028",
    "alert-circle-outline": "0xf5d6",
    "alert-decagram": "0xf6bc",
    "alert-octagon": "0xf029",
    "alert-octagram": "0xf766",
    "alert-outline": "0xf02a",
    "alien": "0xf899",
    "all-inclusive": "0xf6bd",
    "alpha": "0xf02b",
    "alpha-a": "0x41",
    "alpha-a-box": "0xfaed",
    "alpha-b": "0x42",
    "alpha-b-box": "0xfaee",
    "alpha-c": "0x43",
    "alpha-c-box": "0xfaef",
    "alpha-d": "0x44",
    "alpha-d-box": "0xfaf0",
    "alpha-e": "0x45",
    "alpha-e-box": "0xfaf1",
    "alpha-f": "0x46",
    "alpha-f-box": "0xfaf2",
    "alpha-g": "0x47",
    "alpha-g-box": "0xfaf3",
    "alpha-h": "0x48",
    "alpha-h-box": "0xfaf4",
    "alpha-i": "0x49",
    "alpha-i-box": "0xfaf5",
    "alpha-j": "0x4a",
    "alpha-j-box": "0xfaf6",
    "alpha-k": "0x4b",
    "alpha-k-box": "0xfaf7",
    "alpha-l": "0x4c",
    "alpha-l-box": "0xfaf8",
    "alpha-m": "0x4d",
    "alpha-m-box": "0xfaf9",
    "alpha-n": "0x4e",
    "alpha-n-box": "0xfafa",
    "alpha-o": "0x4f",
    "alpha-o-box": "0xfafb",
    "alpha-p": "0x50",
    "alpha-p-box": "0xfafc",
    "alpha-q": "0x51",
    "alpha-q-box": "0xfafd",
    "alpha-r": "0x52",
    "alpha-r-box": "0xfafe",
    "alpha-s": "0x53",
    "alpha-s-box": "0xfaff",
    "alpha-t": "0x54",
    "alpha-t-box": "0xfb00",
    "alpha-u": "0x55",
    "alpha-u-box": "0xfb01",
    "alpha-v": "0x56",
    "alpha-v-box": "0xfb02",
    "alpha-w": "0x57",
    "alpha-w-box": "0xfb03",
    "alpha-x": "0x58",
    "alpha-x-box": "0xfb04",
    "alpha-y": "0x59",
    "alpha-y-box": "0xfb05",
    "alpha-z": "0x5a",
    "alpha-z-box": "0xfb06",
    "alphabetical": "0xf02c",
    "altimeter": "0xf5d7",
    "amazon": "0xf02d",
    "amazon-alexa": "0xf8c5",
    "amazon-drive": "0xf02e",
    "ambulance": "0xf02f",
    "ampersand": "0xfa8c",
    "amplifier": "0xf030",
    "anchor": "0xf031",
    "android": "0xf032",
    "android-auto": "0xfa8d",
    "android-debug-bridge": "0xf033",
    "android-head": "0xf78f",
    "android-studio": "0xf034",
    "angle-acute": "0xf936",
    "angle-obtuse": "0xf937",
    "angle-right": "0xf938",
    "angular": "0xf6b1",
    "angularjs": "0xf6be",
    "animation": "0xf5d8",
    "animation-outline": "0xfa8e",
    "animation-play": "0xf939",
    "animation-play-outline": "0xfa8f",
    "anvil": "0xf89a",
    "apple": "0xf035",
    "apple-finder": "0xf036",
    "apple-icloud": "0xf038",
    "apple-ios": "0xf037",
    "apple-keyboard-caps": "0xf632",
    "apple-keyboard-command": "0xf633",
    "apple-keyboard-control": "0xf634",
    "apple-keyboard-option": "0xf635",
    "apple-keyboard-shift": "0xf636",
    "apple-safari": "0xf039",
    "application": "0xf614",
    "apps": "0xf03b",
    "arch": "0xf8c6",
    "archive": "0xf03c",
    "arrange-bring-forward": "0xf03d",
    "arrange-bring-to-front": "0xf03e",
    "arrange-send-backward": "0xf03f",
    "arrange-send-to-back": "0xf040",
    "arrow-all": "0xf041",
    "arrow-bottom-left": "0xf042",
    "arrow-bottom-left-bold-outline": "0xf9b6",
    "arrow-bottom-left-thick": "0xf9b7",
    "arrow-bottom-right": "0xf043",
    "arrow-bottom-right-bold-outline": "0xf9b8",
    "arrow-bottom-right-thick": "0xf9b9",
    "arrow-collapse": "0xf615",
    "arrow-collapse-all": "0xf044",
    "arrow-collapse-down": "0xf791",
    "arrow-collapse-horizontal": "0xf84b",
    "arrow-collapse-left": "0xf792",
    "arrow-collapse-right": "0xf793",
    "arrow-collapse-up": "0xf794",
    "arrow-collapse-vertical": "0xf84c",
    "arrow-decision": "0xf9ba",
    "arrow-decision-auto": "0xf9bb",
    "arrow-decision-auto-outline": "0xf9bc",
    "arrow-decision-outline": "0xf9bd",
    "arrow-down": "0xf045",
    "arrow-down-bold": "0xf72d",
    "arrow-down-bold-box": "0xf72e",
    "arrow-down-bold-box-outline": "0xf72f",
    "arrow-down-bold-circle": "0xf047",
    "arrow-down-bold-circle-outline": "0xf048",
    "arrow-down-bold-hexagon-outline": "0xf049",
    "arrow-down-bold-outline": "0xf9be",
    "arrow-down-box": "0xf6bf",
    "arrow-down-drop-circle": "0xf04a",
    "arrow-down-drop-circle-outline": "0xf04b",
    "arrow-down-thick": "0xf046",
    "arrow-expand": "0xf616",
    "arrow-expand-all": "0xf04c",
    "arrow-expand-down": "0xf795",
    "arrow-expand-horizontal": "0xf84d",
    "arrow-expand-left": "0xf796",
    "arrow-expand-right": "0xf797",
    "arrow-expand-up": "0xf798",
    "arrow-expand-vertical": "0xf84e",
    "arrow-left": "0xf04d",
    "arrow-left-bold": "0xf730",
    "arrow-left-bold-box": "0xf731",
    "arrow-left-bold-box-outline": "0xf732",
    "arrow-left-bold-circle": "0xf04f",
    "arrow-left-bold-circle-outline": "0xf050",
    "arrow-left-bold-hexagon-outline": "0xf051",
    "arrow-left-bold-outline": "0xf9bf",
    "arrow-left-box": "0xf6c0",
    "arrow-left-drop-circle": "0xf052",
    "arrow-left-drop-circle-outline": "0xf053",
    "arrow-left-right-bold-outline": "0xf9c0",
    "arrow-left-thick": "0xf04e",
    "arrow-right": "0xf054",
    "arrow-right-bold": "0xf733",
    "arrow-right-bold-box": "0xf734",
    "arrow-right-bold-box-outline": "0xf735",
    "arrow-right-bold-circle": "0xf056",
    "arrow-right-bold-circle-outline": "0xf057",
    "arrow-right-bold-hexagon-outline": "0xf058",
    "arrow-right-bold-outline": "0xf9c1",
    "arrow-right-box": "0xf6c1",
    "arrow-right-drop-circle": "0xf059",
    "arrow-right-drop-circle-outline": "0xf05a",
    "arrow-right-thick": "0xf055",
    "arrow-split-horizontal": "0xf93a",
    "arrow-split-vertical": "0xf93b",
    "arrow-top-left": "0xf05b",
    "arrow-top-left-bold-outline": "0xf9c2",
    "arrow-top-left-thick": "0xf9c3",
    "arrow-top-right": "0xf05c",
    "arrow-top-right-bold-outline": "0xf9c4",
    "arrow-top-right-thick": "0xf9c5",
    "arrow-up": "0xf05d",
    "arrow-up-bold": "0xf736",
    "arrow-up-bold-box": "0xf737",
    "arrow-up-bold-box-outline": "0xf738",
    "arrow-up-bold-circle": "0xf05f",
    "arrow-up-bold-circle-outline": "0xf060",
    "arrow-up-bold-hexagon-outline": "0xf061",
    "arrow-up-bold-outline": "0xf9c6",
    "arrow-up-box": "0xf6c2",
    "arrow-up-down-bold-outline": "0xf9c7",
    "arrow-up-drop-circle": "0xf062",
    "arrow-up-drop-circle-outline": "0xf063",
    "arrow-up-thick": "0xf05e",
    "artist": "0xf802",
    "artstation": "0xfb37",
    "aspect-ratio": "0xfa23",
    "assistant": "0xf064",
    "asterisk": "0xf6c3",
    "at": "0xf065",
    "atlassian": "0xf803",
    "atom": "0xf767",
    "attachment": "0xf066",
    "audio-video": "0xf93c",
    "audiobook": "0xf067",
    "augmented-reality": "0xf84f",
    "auto-fix": "0xf068",
    "auto-upload": "0xf069",
    "autorenew": "0xf06a",
    "av-timer": "0xf06b",
    "axe": "0xf8c7",
    "azure": "0xf804",
    "babel": "0xfa24",
    "baby": "0xf06c",
    "baby-buggy": "0xf68e",
    "backburger": "0xf06d",
    "backspace": "0xf06e",
    "backspace-outline": "0xfb38",
    "backup-restore": "0xf06f",
    "badminton": "0xf850",
    "balloon": "0xfa25",
    "ballot": "0xf9c8",
    "ballot-outline": "0xf9c9",
    "bandcamp": "0xf674",
    "bank": "0xf070",
    "bank-transfer": "0xfa26",
    "bank-transfer-in": "0xfa27",
    "bank-transfer-out": "0xfa28",
    "barcode": "0xf071",
    "barcode-scan": "0xf072",
    "barley": "0xf073",
    "barley-off": "0xfb39",
    "barn": "0xfb3a",
    "barrel": "0xf074",
    "baseball": "0xf851",
    "baseball-bat": "0xf852",
    "basecamp": "0xf075",
    "basket": "0xf076",
    "basket-fill": "0xf077",
    "basket-unfill": "0xf078",
    "basketball": "0xf805",
    "bat": "0xfb3b",
    "battery": "0xf079",
    "battery-10": "0xf07a",
    "battery-10-bluetooth": "0xf93d",
    "battery-20": "0xf07b",
    "battery-20-bluetooth": "0xf93e",
    "battery-30": "0xf07c",
    "battery-30-bluetooth": "0xf93f",
    "battery-40": "0xf07d",
    "battery-40-bluetooth": "0xf940",
    "battery-50": "0xf07e",
    "battery-50-bluetooth": "0xf941",
    "battery-60": "0xf07f",
    "battery-60-bluetooth": "0xf942",
    "battery-70": "0xf080",
    "battery-70-bluetooth": "0xf943",
    "battery-80": "0xf081",
    "battery-80-bluetooth": "0xf944",
    "battery-90": "0xf082",
    "battery-90-bluetooth": "0xf945",
    "battery-alert": "0xf083",
    "battery-alert-bluetooth": "0xf946",
    "battery-bluetooth": "0xf947",
    "battery-bluetooth-variant": "0xf948",
    "battery-charging": "0xf084",
    "battery-charging-10": "0xf89b",
    "battery-charging-100": "0xf085",
    "battery-charging-20": "0xf086",
    "battery-charging-30": "0xf087",
    "battery-charging-40": "0xf088",
    "battery-charging-50": "0xf89c",
    "battery-charging-60": "0xf089",
    "battery-charging-70": "0xf89d",
    "battery-charging-80": "0xf08a",
    "battery-charging-90": "0xf08b",
    "battery-charging-outline": "0xf89e",
    "battery-charging-wireless": "0xf806",
    "battery-charging-wireless-10": "0xf807",
    "battery-charging-wireless-20": "0xf808",
    "battery-charging-wireless-30": "0xf809",
    "battery-charging-wireless-40": "0xf80a",
    "battery-charging-wireless-50": "0xf80b",
    "battery-charging-wireless-60": "0xf80c",
    "battery-charging-wireless-70": "0xf80d",
    "battery-charging-wireless-80": "0xf80e",
    "battery-charging-wireless-90": "0xf80f",
    "battery-charging-wireless-alert": "0xf810",
    "battery-charging-wireless-outline": "0xf811",
    "battery-minus": "0xf08c",
    "battery-negative": "0xf08d",
    "battery-outline": "0xf08e",
    "battery-plus": "0xf08f",
    "battery-positive": "0xf090",
    "battery-unknown": "0xf091",
    "battery-unknown-bluetooth": "0xf949",
    "battlenet": "0xfb3c",
    "beach": "0xf092",
    "beaker": "0xf68f",
    "beats": "0xf097",
    "bed-empty": "0xf89f",
    "beer": "0xf098",
    "behance": "0xf099",
    "bell": "0xf09a",
    "bell-off": "0xf09b",
    "bell-off-outline": "0xfa90",
    "bell-outline": "0xf09c",
    "bell-plus": "0xf09d",
    "bell-plus-outline": "0xfa91",
    "bell-ring": "0xf09e",
    "bell-ring-outline": "0xf09f",
    "bell-sleep": "0xf0a0",
    "bell-sleep-outline": "0xfa92",
    "beta": "0xf0a1",
    "betamax": "0xf9ca",
    "bible": "0xf0a2",
    "bike": "0xf0a3",
    "billiards": "0xfb3d",
    "billiards-rack": "0xfb3e",
    "bing": "0xf0a4",
    "binoculars": "0xf0a5",
    "bio": "0xf0a6",
    "biohazard": "0xf0a7",
    "bitbucket": "0xf0a8",
    "bitcoin": "0xf812",
    "black-mesa": "0xf0a9",
    "blackberry": "0xf0aa",
    "blender": "0xf0ab",
    "blinds": "0xf0ac",
    "block-helper": "0xf0ad",
    "blogger": "0xf0ae",
    "bluetooth": "0xf0af",
    "bluetooth-audio": "0xf0b0",
    "bluetooth-connect": "0xf0b1",
    "bluetooth-off": "0xf0b2",
    "bluetooth-settings": "0xf0b3",
    "bluetooth-transfer": "0xf0b4",
    "blur": "0xf0b5",
    "blur-linear": "0xf0b6",
    "blur-off": "0xf0b7",
    "blur-radial": "0xf0b8",
    "bomb": "0xf690",
    "bomb-off": "0xf6c4",
    "bone": "0xf0b9",
    "book": "0xf0ba",
    "book-lock": "0xf799",
    "book-lock-open": "0xf79a",
    "book-minus": "0xf5d9",
    "book-multiple": "0xf0bb",
    "book-multiple-minus": "0xfa93",
    "book-multiple-plus": "0xfa94",
    "book-multiple-remove": "0xfa95",
    "book-multiple-variant": "0xf0bc",
    "book-open": "0xf0bd",
    "book-open-outline": "0xfb3f",
    "book-open-page-variant": "0xf5da",
    "book-open-variant": "0xf0be",
    "book-outline": "0xfb40",
    "book-plus": "0xf5db",
    "book-remove": "0xfa96",
    "book-variant": "0xf0bf",
    "bookmark": "0xf0c0",
    "bookmark-check": "0xf0c1",
    "bookmark-minus": "0xf9cb",
    "bookmark-minus-outline": "0xf9cc",
    "bookmark-music": "0xf0c2",
    "bookmark-off": "0xf9cd",
    "bookmark-off-outline": "0xf9ce",
    "bookmark-outline": "0xf0c3",
    "bookmark-plus": "0xf0c5",
    "bookmark-plus-outline": "0xf0c4",
    "bookmark-remove": "0xf0c6",
    "boombox": "0xf5dc",
    "bootstrap": "0xf6c5",
    "border-all": "0xf0c7",
    "border-all-variant": "0xf8a0",
    "border-bottom": "0xf0c8",
    "border-bottom-variant": "0xf8a1",
    "border-color": "0xf0c9",
    "border-horizontal": "0xf0ca",
    "border-inside": "0xf0cb",
    "border-left": "0xf0cc",
    "border-left-variant": "0xf8a2",
    "border-none": "0xf0cd",
    "border-none-variant": "0xf8a3",
    "border-outside": "0xf0ce",
    "border-right": "0xf0cf",
    "border-right-variant": "0xf8a4",
    "border-style": "0xf0d0",
    "border-top": "0xf0d1",
    "border-top-variant": "0xf8a5",
    "border-vertical": "0xf0d2",
    "bottle-wine": "0xf853",
    "bow-tie": "0xf677",
    "bowl": "0xf617",
    "bowling": "0xf0d3",
    "box": "0xf0d4",
    "box-cutter": "0xf0d5",
    "box-shadow": "0xf637",
    "boxing-glove": "0xfb41",
    "braille": "0xf9cf",
    "brain": "0xf9d0",
    "bridge": "0xf618",
    "briefcase": "0xf0d6",
    "briefcase-check": "0xf0d7",
    "briefcase-download": "0xf0d8",
    "briefcase-edit": "0xfa97",
    "briefcase-minus": "0xfa29",
    "briefcase-outline": "0xf813",
    "briefcase-plus": "0xfa2a",
    "briefcase-remove": "0xfa2b",
    "briefcase-search": "0xfa2c",
    "briefcase-upload": "0xf0d9",
    "brightness-1": "0xf0da",
    "brightness-2": "0xf0db",
    "brightness-3": "0xf0dc",
    "brightness-4": "0xf0dd",
    "brightness-5": "0xf0de",
    "brightness-6": "0xf0df",
    "brightness-7": "0xf0e0",
    "brightness-auto": "0xf0e1",
    "broom": "0xf0e2",
    "brush": "0xf0e3",
    "buddhism": "0xf94a",
    "buffer": "0xf619",
    "bug": "0xf0e4",
    "bug-check": "0xfa2d",
    "bug-check-outline": "0xfa2e",
    "bug-outline": "0xfa2f",
    "bulldozer": "0xfb07",
    "bulletin-board": "0xf0e5",
    "bullhorn": "0xf0e6",
    "bullhorn-outline": "0xfb08",
    "bullseye": "0xf5dd",
    "bullseye-arrow": "0xf8c8",
    "bus": "0xf0e7",
    "bus-alert": "0xfa98",
    "bus-articulated-end": "0xf79b",
    "bus-articulated-front": "0xf79c",
    "bus-clock": "0xf8c9",
    "bus-double-decker": "0xf79d",
    "bus-school": "0xf79e",
    "bus-side": "0xf79f",
    "cached": "0xf0e8",
    "cake": "0xf0e9",
    "cake-layered": "0xf0ea",
    "cake-variant": "0xf0eb",
    "calculator": "0xf0ec",
    "calculator-variant": "0xfa99",
    "calendar": "0xf0ed",
    "calendar-alert": "0xfa30",
    "calendar-blank": "0xf0ee",
    "calendar-blank-outline": "0xfb42",
    "calendar-check": "0xf0ef",
    "calendar-clock": "0xf0f0",
    "calendar-edit": "0xf8a6",
    "calendar-export": "0xfb09",
    "calendar-heart": "0xf9d1",
    "calendar-import": "0xfb0a",
    "calendar-multiple": "0xf0f1",
    "calendar-multiple-check": "0xf0f2",
    "calendar-multiselect": "0xfa31",
    "calendar-outline": "0xfb43",
    "calendar-plus": "0xf0f3",
    "calendar-question": "0xf691",
    "calendar-range": "0xf678",
    "calendar-range-outline": "0xfb44",
    "calendar-remove": "0xf0f4",
    "calendar-search": "0xf94b",
    "calendar-star": "0xf9d2",
    "calendar-text": "0xf0f5",
    "calendar-today": "0xf0f6",
    "calendar-week": "0xfa32",
    "calendar-week-begin": "0xfa33",
    "call-made": "0xf0f7",
    "call-merge": "0xf0f8",
    "call-missed": "0xf0f9",
    "call-received": "0xf0fa",
    "call-split": "0xf0fb",
    "camcorder": "0xf0fc",
    "camcorder-box": "0xf0fd",
    "camcorder-box-off": "0xf0fe",
    "camcorder-off": "0xf0ff",
    "camera": "0xf100",
    "camera-account": "0xf8ca",
    "camera-burst": "0xf692",
    "camera-control": "0xfb45",
    "camera-enhance": "0xf101",
    "camera-enhance-outline": "0xfb46",
    "camera-front": "0xf102",
    "camera-front-variant": "0xf103",
    "camera-gopro": "0xf7a0",
    "camera-image": "0xf8cb",
    "camera-iris": "0xf104",
    "camera-metering-center": "0xf7a1",
    "camera-metering-matrix": "0xf7a2",
    "camera-metering-partial": "0xf7a3",
    "camera-metering-spot": "0xf7a4",
    "camera-off": "0xf5df",
    "camera-party-mode": "0xf105",
    "camera-rear": "0xf106",
    "camera-rear-variant": "0xf107",
    "camera-switch": "0xf108",
    "camera-timer": "0xf109",
    "cancel": "0xf739",
    "candle": "0xf5e2",
    "candycane": "0xf10a",
    "cannabis": "0xf7a5",
    "caps-lock": "0xfa9a",
    "car": "0xf10b",
    "car-battery": "0xf10c",
    "car-connected": "0xf10d",
    "car-convertible": "0xf7a6",
    "car-door": "0xfb47",
    "car-electric": "0xfb48",
    "car-estate": "0xf7a7",
    "car-hatchback": "0xf7a8",
    "car-key": "0xfb49",
    "car-limousine": "0xf8cc",
    "car-multiple": "0xfb4a",
    "car-pickup": "0xf7a9",
    "car-side": "0xf7aa",
    "car-sports": "0xf7ab",
    "car-wash": "0xf10e",
    "caravan": "0xf7ac",
    "card": "0xfb4b",
    "card-bulleted": "0xfb4c",
    "card-bulleted-off": "0xfb4d",
    "card-bulleted-off-outline": "0xfb4e",
    "card-bulleted-outline": "0xfb4f",
    "card-bulleted-settings": "0xfb50",
    "card-bulleted-settings-outline": "0xfb51",
    "card-outline": "0xfb52",
    "card-text": "0xfb53",
    "card-text-outline": "0xfb54",
    "cards": "0xf638",
    "cards-club": "0xf8cd",
    "cards-diamond": "0xf8ce",
    "cards-heart": "0xf8cf",
    "cards-outline": "0xf639",
    "cards-playing-outline": "0xf63a",
    "cards-spade": "0xf8d0",
    "cards-variant": "0xf6c6",
    "carrot": "0xf10f",
    "cart": "0xf110",
    "cart-off": "0xf66b",
    "cart-outline": "0xf111",
    "cart-plus": "0xf112",
    "case-sensitive-alt": "0xf113",
    "cash": "0xf114",
    "cash-100": "0xf115",
    "cash-multiple": "0xf116",
    "cash-refund": "0xfa9b",
    "cash-usd": "0xf117",
    "cassette": "0xf9d3",
    "cast": "0xf118",
    "cast-connected": "0xf119",
    "cast-off": "0xf789",
    "castle": "0xf11a",
    "cat": "0xf11b",
    "cctv": "0xf7ad",
    "ceiling-light": "0xf768",
    "cellphone": "0xf11c",
    "cellphone-android": "0xf11d",
    "cellphone-arrow-down": "0xf9d4",
    "cellphone-basic": "0xf11e",
    "cellphone-dock": "0xf11f",
    "cellphone-erase": "0xf94c",
    "cellphone-iphone": "0xf120",
    "cellphone-key": "0xf94d",
    "cellphone-link": "0xf121",
    "cellphone-link-off": "0xf122",
    "cellphone-lock": "0xf94e",
    "cellphone-message": "0xf8d2",
    "cellphone-off": "0xf94f",
    "cellphone-screenshot": "0xfa34",
    "cellphone-settings": "0xf123",
    "cellphone-settings-variant": "0xf950",
    "cellphone-sound": "0xf951",
    "cellphone-text": "0xf8d1",
    "cellphone-wireless": "0xf814",
    "certificate": "0xf124",
    "chair-school": "0xf125",
    "chart-arc": "0xf126",
    "chart-areaspline": "0xf127",
    "chart-bar": "0xf128",
    "chart-bar-stacked": "0xf769",
    "chart-bubble": "0xf5e3",
    "chart-donut": "0xf7ae",
    "chart-donut-variant": "0xf7af",
    "chart-gantt": "0xf66c",
    "chart-histogram": "0xf129",
    "chart-line": "0xf12a",
    "chart-line-stacked": "0xf76a",
    "chart-line-variant": "0xf7b0",
    "chart-multiline": "0xf8d3",
    "chart-pie": "0xf12b",
    "chart-scatterplot-hexbin": "0xf66d",
    "chart-timeline": "0xf66e",
    "chat": "0xfb55",
    "chat-alert": "0xfb56",
    "chat-processing": "0xfb57",
    "check": "0xf12c",
    "check-all": "0xf12d",
    "check-circle": "0xf5e0",
    "check-circle-outline": "0xf5e1",
    "check-decagram": "0xf790",
    "check-outline": "0xf854",
    "checkbook": "0xfa9c",
    "checkbox-blank": "0xf12e",
    "checkbox-blank-circle": "0xf12f",
    "checkbox-blank-circle-outline": "0xf130",
    "checkbox-blank-outline": "0xf131",
    "checkbox-intermediate": "0xf855",
    "checkbox-marked": "0xf132",
    "checkbox-marked-circle": "0xf133",
    "checkbox-marked-circle-outline": "0xf134",
    "checkbox-marked-outline": "0xf135",
    "checkbox-multiple-blank": "0xf136",
    "checkbox-multiple-blank-circle": "0xf63b",
    "checkbox-multiple-blank-circle-outline": "0xf63c",
    "checkbox-multiple-blank-outline": "0xf137",
    "checkbox-multiple-marked": "0xf138",
    "checkbox-multiple-marked-circle": "0xf63d",
    "checkbox-multiple-marked-circle-outline": "0xf63e",
    "checkbox-multiple-marked-outline": "0xf139",
    "checkerboard": "0xf13a",
    "chef-hat": "0xfb58",
    "chemical-weapon": "0xf13b",
    "chess-bishop": "0xf85b",
    "chess-king": "0xf856",
    "chess-knight": "0xf857",
    "chess-pawn": "0xf858",
    "chess-queen": "0xf859",
    "chess-rook": "0xf85a",
    "chevron-double-down": "0xf13c",
    "chevron-double-left": "0xf13d",
    "chevron-double-right": "0xf13e",
    "chevron-double-up": "0xf13f",
    "chevron-down": "0xf140",
    "chevron-down-box": "0xf9d5",
    "chevron-down-box-outline": "0xf9d6",
    "chevron-down-circle": "0xfb0b",
    "chevron-down-circle-outline": "0xfb0c",
    "chevron-left": "0xf141",
    "chevron-left-box": "0xf9d7",
    "chevron-left-box-outline": "0xf9d8",
    "chevron-left-circle": "0xfb0d",
    "chevron-left-circle-outline": "0xfb0e",
    "chevron-right": "0xf142",
    "chevron-right-box": "0xf9d9",
    "chevron-right-box-outline": "0xf9da",
    "chevron-right-circle": "0xfb0f",
    "chevron-right-circle-outline": "0xfb10",
    "chevron-up": "0xf143",
    "chevron-up-box": "0xf9db",
    "chevron-up-box-outline": "0xf9dc",
    "chevron-up-circle": "0xfb11",
    "chevron-up-circle-outline": "0xfb12",
    "chili-hot": "0xf7b1",
    "chili-medium": "0xf7b2",
    "chili-mild": "0xf7b3",
    "chip": "0xf61a",
    "christianity": "0xf952",
    "church": "0xf144",
    "circle": "0xf764",
    "circle-edit-outline": "0xf8d4",
    "circle-medium": "0xf9dd",
    "circle-outline": "0xf765",
    "circle-slice-1": "0xfa9d",
    "circle-slice-2": "0xfa9e",
    "circle-slice-3": "0xfa9f",
    "circle-slice-4": "0xfaa0",
    "circle-slice-5": "0xfaa1",
    "circle-slice-6": "0xfaa2",
    "circle-slice-7": "0xfaa3",
    "circle-slice-8": "0xfaa4",
    "circle-small": "0xf9de",
    "cisco-webex": "0xf145",
    "city": "0xf146",
    "city-variant": "0xfa35",
    "city-variant-outline": "0xfa36",
    "clipboard": "0xf147",
    "clipboard-account": "0xf148",
    "clipboard-alert": "0xf149",
    "clipboard-arrow-down": "0xf14a",
    "clipboard-arrow-left": "0xf14b",
    "clipboard-check": "0xf14c",
    "clipboard-check-outline": "0xf8a7",
    "clipboard-flow": "0xf6c7",
    "clipboard-outline": "0xf14d",
    "clipboard-plus": "0xf750",
    "clipboard-pulse": "0xf85c",
    "clipboard-pulse-outline": "0xf85d",
    "clipboard-text": "0xf14e",
    "clipboard-text-outline": "0xfa37",
    "clippy": "0xf14f",
    "clock": "0xf953",
    "clock-alert": "0xf954",
    "clock-alert-outline": "0xf5ce",
    "clock-end": "0xf151",
    "clock-fast": "0xf152",
    "clock-in": "0xf153",
    "clock-out": "0xf154",
    "clock-outline": "0xf150",
    "clock-start": "0xf155",
    "close": "0xf156",
    "close-box": "0xf157",
    "close-box-outline": "0xf158",
    "close-circle": "0xf159",
    "close-circle-outline": "0xf15a",
    "close-network": "0xf15b",
    "close-octagon": "0xf15c",
    "close-octagon-outline": "0xf15d",
    "close-outline": "0xf6c8",
    "closed-caption": "0xf15e",
    "cloud": "0xf15f",
    "cloud-alert": "0xf9df",
    "cloud-braces": "0xf7b4",
    "cloud-check": "0xf160",
    "cloud-circle": "0xf161",
    "cloud-download": "0xf162",
    "cloud-download-outline": "0xfb59",
    "cloud-off-outline": "0xf164",
    "cloud-outline": "0xf163",
    "cloud-print": "0xf165",
    "cloud-print-outline": "0xf166",
    "cloud-question": "0xfa38",
    "cloud-search": "0xf955",
    "cloud-search-outline": "0xf956",
    "cloud-sync": "0xf63f",
    "cloud-tags": "0xf7b5",
    "cloud-upload": "0xf167",
    "cloud-upload-outline": "0xfb5a",
    "clover": "0xf815",
    "code-array": "0xf168",
    "code-braces": "0xf169",
    "code-brackets": "0xf16a",
    "code-equal": "0xf16b",
    "code-greater-than": "0xf16c",
    "code-greater-than-or-equal": "0xf16d",
    "code-less-than": "0xf16e",
    "code-less-than-or-equal": "0xf16f",
    "code-not-equal": "0xf170",
    "code-not-equal-variant": "0xf171",
    "code-parentheses": "0xf172",
    "code-string": "0xf173",
    "code-tags": "0xf174",
    "code-tags-check": "0xf693",
    "codepen": "0xf175",
    "coffee": "0xf176",
    "coffee-outline": "0xf6c9",
    "coffee-to-go": "0xf177",
    "coffin": "0xfb5b",
    "cogs": "0xf8d5",
    "coin": "0xf178",
    "coins": "0xf694",
    "collage": "0xf640",
    "collapse-all": "0xfaa5",
    "collapse-all-outline": "0xfaa6",
    "color-helper": "0xf179",
    "comment": "0xf17a",
    "comment-account": "0xf17b",
    "comment-account-outline": "0xf17c",
    "comment-alert": "0xf17d",
    "comment-alert-outline": "0xf17e",
    "comment-arrow-left": "0xf9e0",
    "comment-arrow-left-outline": "0xf9e1",
    "comment-arrow-right": "0xf9e2",
    "comment-arrow-right-outline": "0xf9e3",
    "comment-check": "0xf17f",
    "comment-check-outline": "0xf180",
    "comment-eye": "0xfa39",
    "comment-eye-outline": "0xfa3a",
    "comment-multiple": "0xf85e",
    "comment-multiple-outline": "0xf181",
    "comment-outline": "0xf182",
    "comment-plus": "0xf9e4",
    "comment-plus-outline": "0xf183",
    "comment-processing": "0xf184",
    "comment-processing-outline": "0xf185",
    "comment-question": "0xf816",
    "comment-question-outline": "0xf186",
    "comment-remove": "0xf5de",
    "comment-remove-outline": "0xf187",
    "comment-search": "0xfa3b",
    "comment-search-outline": "0xfa3c",
    "comment-text": "0xf188",
    "comment-text-multiple": "0xf85f",
    "comment-text-multiple-outline": "0xf860",
    "comment-text-outline": "0xf189",
    "compare": "0xf18a",
    "compass": "0xf18b",
    "compass-off": "0xfb5c",
    "compass-off-outline": "0xfb5d",
    "compass-outline": "0xf18c",
    "console": "0xf18d",
    "console-line": "0xf7b6",
    "console-network": "0xf8a8",
    "contact-mail": "0xf18e",
    "contacts": "0xf6ca",
    "contain": "0xfa3d",
    "contain-end": "0xfa3e",
    "contain-start": "0xfa3f",
    "content-copy": "0xf18f",
    "content-cut": "0xf190",
    "content-duplicate": "0xf191",
    "content-paste": "0xf192",
    "content-save": "0xf193",
    "content-save-all": "0xf194",
    "content-save-outline": "0xf817",
    "content-save-settings": "0xf61b",
    "content-save-settings-outline": "0xfb13",
    "contrast": "0xf195",
    "contrast-box": "0xf196",
    "contrast-circle": "0xf197",
    "controller-classic": "0xfb5e",
    "controller-classic-outline": "0xfb5f",
    "cookie": "0xf198",
    "copyright": "0xf5e6",
    "cordova": "0xf957",
    "corn": "0xf7b7",
    "counter": "0xf199",
    "cow": "0xf19a",
    "crane": "0xf861",
    "creation": "0xf1c9",
    "credit-card": "0xf19b",
    "credit-card-multiple": "0xf19c",
    "credit-card-off": "0xf5e4",
    "credit-card-plus": "0xf675",
    "credit-card-refund": "0xfaa7",
    "credit-card-scan": "0xf19d",
    "credit-card-settings": "0xf8d6",
    "crop": "0xf19e",
    "crop-free": "0xf19f",
    "crop-landscape": "0xf1a0",
    "crop-portrait": "0xf1a1",
    "crop-rotate": "0xf695",
    "crop-square": "0xf1a2",
    "crosshairs": "0xf1a3",
    "crosshairs-gps": "0xf1a4",
    "crown": "0xf1a5",
    "cryengine": "0xf958",
    "crystal-ball": "0xfb14",
    "cube": "0xf1a6",
    "cube-outline": "0xf1a7",
    "cube-scan": "0xfb60",
    "cube-send": "0xf1a8",
    "cube-unfolded": "0xf1a9",
    "cup": "0xf1aa",
    "cup-off": "0xf5e5",
    "cup-water": "0xf1ab",
    "cupcake": "0xf959",
    "curling": "0xf862",
    "currency-bdt": "0xf863",
    "currency-brl": "0xfb61",
    "currency-btc": "0xf1ac",
    "currency-chf": "0xf7b8",
    "currency-cny": "0xf7b9",
    "currency-eth": "0xf7ba",
    "currency-eur": "0xf1ad",
    "currency-gbp": "0xf1ae",
    "currency-inr": "0xf1af",
    "currency-jpy": "0xf7bb",
    "currency-krw": "0xf7bc",
    "currency-kzt": "0xf864",
    "currency-ngn": "0xf1b0",
    "currency-php": "0xf9e5",
    "currency-rub": "0xf1b1",
    "currency-sign": "0xf7bd",
    "currency-try": "0xf1b2",
    "currency-twd": "0xf7be",
    "currency-usd": "0xf1b3",
    "currency-usd-off": "0xf679",
    "current-ac": "0xf95a",
    "current-dc": "0xf95b",
    "cursor-default": "0xf1b4",
    "cursor-default-outline": "0xf1b5",
    "cursor-move": "0xf1b6",
    "cursor-pointer": "0xf1b7",
    "cursor-text": "0xf5e7",
    "database": "0xf1b8",
    "database-check": "0xfaa8",
    "database-edit": "0xfb62",
    "database-export": "0xf95d",
    "database-import": "0xf95c",
    "database-lock": "0xfaa9",
    "database-minus": "0xf1b9",
    "database-plus": "0xf1ba",
    "database-search": "0xf865",
    "death-star": "0xf8d7",
    "death-star-variant": "0xf8d8",
    "deathly-hallows": "0xfb63",
    "debian": "0xf8d9",
    "debug-step-into": "0xf1bb",
    "debug-step-out": "0xf1bc",
    "debug-step-over": "0xf1bd",
    "decagram": "0xf76b",
    "decagram-outline": "0xf76c",
    "decimal-decrease": "0xf1be",
    "decimal-increase": "0xf1bf",
    "delete": "0xf1c0",
    "delete-circle": "0xf682",
    "delete-circle-outline": "0xfb64",
    "delete-empty": "0xf6cb",
    "delete-forever": "0xf5e8",
    "delete-forever-outline": "0xfb65",
    "delete-outline": "0xf9e6",
    "delete-restore": "0xf818",
    "delete-sweep": "0xf5e9",
    "delete-variant": "0xf1c1",
    "delta": "0xf1c2",
    "desk-lamp": "0xf95e",
    "deskphone": "0xf1c3",
    "desktop-classic": "0xf7bf",
    "desktop-mac": "0xf1c4",
    "desktop-mac-dashboard": "0xf9e7",
    "desktop-tower": "0xf1c5",
    "desktop-tower-monitor": "0xfaaa",
    "details": "0xf1c6",
    "developer-board": "0xf696",
    "deviantart": "0xf1c7",
    "dialpad": "0xf61c",
    "diamond": "0xfb66",
    "diamond-outline": "0xfb67",
    "diamond-stone": "0xf1c8",
    "dice-1": "0xf1ca",
    "dice-2": "0xf1cb",
    "dice-3": "0xf1cc",
    "dice-4": "0xf1cd",
    "dice-5": "0xf1ce",
    "dice-6": "0xf1cf",
    "dice-d10": "0xf76e",
    "dice-d12": "0xf866",
    "dice-d20": "0xf5ea",
    "dice-d4": "0xf5eb",
    "dice-d6": "0xf5ec",
    "dice-d8": "0xf5ed",
    "dice-multiple": "0xf76d",
    "dictionary": "0xf61d",
    "dip-switch": "0xf7c0",
    "directions": "0xf1d0",
    "directions-fork": "0xf641",
    "disc": "0xf5ee",
    "disc-alert": "0xf1d1",
    "disc-player": "0xf95f",
    "discord": "0xf66f",
    "dishwasher": "0xfaab",
    "disqus": "0xf1d2",
    "disqus-outline": "0xf1d3",
    "division": "0xf1d4",
    "division-box": "0xf1d5",
    "dlna": "0xfa40",
    "dna": "0xf683",
    "dns": "0xf1d6",
    "dns-outline": "0xfb68",
    "do-not-disturb": "0xf697",
    "do-not-disturb-off": "0xf698",
    "docker": "0xf867",
    "doctor": "0xfa41",
    "dog": "0xfa42",
    "dog-service": "0xfaac",
    "dog-side": "0xfa43",
    "dolby": "0xf6b2",
    "domain": "0xf1d7",
    "donkey": "0xf7c1",
    "door": "0xf819",
    "door-closed": "0xf81a",
    "door-open": "0xf81b",
    "doorbell-video": "0xf868",
    "dot-net": "0xfaad",
    "dots-horizontal": "0xf1d8",
    "dots-horizontal-circle": "0xf7c2",
    "dots-horizontal-circle-outline": "0xfb69",
    "dots-vertical": "0xf1d9",
    "dots-vertical-circle": "0xf7c3",
    "dots-vertical-circle-outline": "0xfb6a",
    "douban": "0xf699",
    "download": "0xf1da",
    "download-multiple": "0xf9e8",
    "download-network": "0xf6f3",
    "download-outline": "0xfb6b",
    "drag": "0xf1db",
    "drag-horizontal": "0xf1dc",
    "drag-variant": "0xfb6c",
    "drag-vertical": "0xf1dd",
    "drawing": "0xf1de",
    "drawing-box": "0xf1df",
    "dribbble": "0xf1e0",
    "dribbble-box": "0xf1e1",
    "drone": "0xf1e2",
    "dropbox": "0xf1e3",
    "drupal": "0xf1e4",
    "duck": "0xf1e5",
    "dumbbell": "0xf1e6",
    "ear-hearing": "0xf7c4",
    "ear-hearing-off": "0xfa44",
    "earth": "0xf1e7",
    "earth-box": "0xf6cc",
    "earth-box-off": "0xf6cd",
    "earth-off": "0xf1e8",
    "edge": "0xf1e9",
    "egg": "0xfaae",
    "egg-easter": "0xfaaf",
    "eight-track": "0xf9e9",
    "eject": "0xf1ea",
    "eject-outline": "0xfb6d",
    "elephant": "0xf7c5",
    "elevation-decline": "0xf1eb",
    "elevation-rise": "0xf1ec",
    "elevator": "0xf1ed",
    "email": "0xf1ee",
    "email-alert": "0xf6ce",
    "email-check": "0xfab0",
    "email-check-outline": "0xfab1",
    "email-lock": "0xf1f1",
    "email-mark-as-unread": "0xfb6e",
    "email-open": "0xf1ef",
    "email-open-outline": "0xf5ef",
    "email-outline": "0xf1f0",
    "email-plus": "0xf9ea",
    "email-plus-outline": "0xf9eb",
    "email-search": "0xf960",
    "email-search-outline": "0xf961",
    "email-variant": "0xf5f0",
    "ember": "0xfb15",
    "emby": "0xf6b3",
    "emoticon": "0xf1f2",
    "emoticon-cool": "0xf1f3",
    "emoticon-dead": "0xf69a",
    "emoticon-devil": "0xf1f4",
    "emoticon-excited": "0xf69b",
    "emoticon-happy": "0xf1f5",
    "emoticon-neutral": "0xf1f6",
    "emoticon-poop": "0xf1f7",
    "emoticon-sad": "0xf1f8",
    "emoticon-tongue": "0xf1f9",
    "engine": "0xf1fa",
    "engine-off": "0xfa45",
    "engine-off-outline": "0xfa46",
    "engine-outline": "0xf1fb",
    "equal": "0xf1fc",
    "equal-box": "0xf1fd",
    "eraser": "0xf1fe",
    "eraser-variant": "0xf642",
    "escalator": "0xf1ff",
    "et": "0xfab2",
    "ethereum": "0xf869",
    "ethernet": "0xf200",
    "ethernet-cable": "0xf201",
    "ethernet-cable-off": "0xf202",
    "etsy": "0xf203",
    "ev-station": "0xf5f1",
    "eventbrite": "0xf7c6",
    "evernote": "0xf204",
    "exclamation": "0xf205",
    "exit-run": "0xfa47",
    "exit-to-app": "0xf206",
    "expand-all": "0xfab3",
    "expand-all-outline": "0xfab4",
    "exponent": "0xf962",
    "exponent-box": "0xf963",
    "export": "0xf207",
    "export-variant": "0xfb6f",
    "eye": "0xf208",
    "eye-circle": "0xfb70",
    "eye-circle-outline": "0xfb71",
    "eye-off": "0xf209",
    "eye-off-outline": "0xf6d0",
    "eye-outline": "0xf6cf",
    "eye-plus": "0xf86a",
    "eye-plus-outline": "0xf86b",
    "eye-settings": "0xf86c",
    "eye-settings-outline": "0xf86d",
    "eyedropper": "0xf20a",
    "eyedropper-variant": "0xf20b",
    "face": "0xf643",
    "face-outline": "0xfb72",
    "face-profile": "0xf644",
    "facebook": "0xf20c",
    "facebook-box": "0xf20d",
    "facebook-messenger": "0xf20e",
    "facebook-workplace": "0xfb16",
    "factory": "0xf20f",
    "fan": "0xf210",
    "fan-off": "0xf81c",
    "fast-forward": "0xf211",
    "fast-forward-outline": "0xf6d1",
    "fax": "0xf212",
    "feather": "0xf6d2",
    "feature-search": "0xfa48",
    "feature-search-outline": "0xfa49",
    "fedora": "0xf8da",
    "ferry": "0xf213",
    "file": "0xf214",
    "file-account": "0xf73a",
    "file-alert": "0xfa4a",
    "file-alert-outline": "0xfa4b",
    "file-cabinet": "0xfab5",
    "file-chart": "0xf215",
    "file-check": "0xf216",
    "file-cloud": "0xf217",
    "file-compare": "0xf8a9",
    "file-delimited": "0xf218",
    "file-document": "0xf219",
    "file-document-box": "0xf21a",
    "file-document-box-multiple": "0xfab6",
    "file-document-box-multiple-outline": "0xfab7",
    "file-document-box-outline": "0xf9ec",
    "file-document-outline": "0xf9ed",
    "file-download": "0xf964",
    "file-download-outline": "0xf965",
    "file-excel": "0xf21b",
    "file-excel-box": "0xf21c",
    "file-export": "0xf21d",
    "file-find": "0xf21e",
    "file-find-outline": "0xfb73",
    "file-hidden": "0xf613",
    "file-image": "0xf21f",
    "file-import": "0xf220",
    "file-lock": "0xf221",
    "file-move": "0xfab8",
    "file-multiple": "0xf222",
    "file-music": "0xf223",
    "file-outline": "0xf224",
    "file-pdf": "0xf225",
    "file-pdf-box": "0xf226",
    "file-percent": "0xf81d",
    "file-plus": "0xf751",
    "file-powerpoint": "0xf227",
    "file-powerpoint-box": "0xf228",
    "file-presentation-box": "0xf229",
    "file-question": "0xf86e",
    "file-remove": "0xfb74",
    "file-replace": "0xfb17",
    "file-replace-outline": "0xfb18",
    "file-restore": "0xf670",
    "file-send": "0xf22a",
    "file-tree": "0xf645",
    "file-undo": "0xf8db",
    "file-upload": "0xfa4c",
    "file-upload-outline": "0xfa4d",
    "file-video": "0xf22b",
    "file-word": "0xf22c",
    "file-word-box": "0xf22d",
    "file-xml": "0xf22e",
    "film": "0xf22f",
    "filmstrip": "0xf230",
    "filmstrip-off": "0xf231",
    "filter": "0xf232",
    "filter-outline": "0xf233",
    "filter-remove": "0xf234",
    "filter-remove-outline": "0xf235",
    "filter-variant": "0xf236",
    "finance": "0xf81e",
    "find-replace": "0xf6d3",
    "fingerprint": "0xf237",
    "fire": "0xf238",
    "fire-truck": "0xf8aa",
    "firebase": "0xf966",
    "firefox": "0xf239",
    "fish": "0xf23a",
    "flag": "0xf23b",
    "flag-checkered": "0xf23c",
    "flag-minus": "0xfb75",
    "flag-outline": "0xf23d",
    "flag-plus": "0xfb76",
    "flag-remove": "0xfb77",
    "flag-triangle": "0xf23f",
    "flag-variant": "0xf240",
    "flag-variant-outline": "0xf23e",
    "flash": "0xf241",
    "flash-auto": "0xf242",
    "flash-circle": "0xf81f",
    "flash-off": "0xf243",
    "flash-outline": "0xf6d4",
    "flash-red-eye": "0xf67a",
    "flashlight": "0xf244",
    "flashlight-off": "0xf245",
    "flask": "0xf093",
    "flask-empty": "0xf094",
    "flask-empty-outline": "0xf095",
    "flask-outline": "0xf096",
    "flattr": "0xf246",
    "flip-to-back": "0xf247",
    "flip-to-front": "0xf248",
    "floor-lamp": "0xf8dc",
    "floor-plan": "0xf820",
    "floppy": "0xf249",
    "floppy-variant": "0xf9ee",
    "flower": "0xf24a",
    "flower-outline": "0xf9ef",
    "flower-tulip": "0xf9f0",
    "flower-tulip-outline": "0xf9f1",
    "folder": "0xf24b",
    "folder-account": "0xf24c",
    "folder-account-outline": "0xfb78",
    "folder-clock": "0xfab9",
    "folder-clock-outline": "0xfaba",
    "folder-download": "0xf24d",
    "folder-edit": "0xf8dd",
    "folder-google-drive": "0xf24e",
    "folder-image": "0xf24f",
    "folder-key": "0xf8ab",
    "folder-key-network": "0xf8ac",
    "folder-lock": "0xf250",
    "folder-lock-open": "0xf251",
    "folder-move": "0xf252",
    "folder-multiple": "0xf253",
    "folder-multiple-image": "0xf254",
    "folder-multiple-outline": "0xf255",
    "folder-network": "0xf86f",
    "folder-open": "0xf76f",
    "folder-outline": "0xf256",
    "folder-plus": "0xf257",
    "folder-plus-outline": "0xfb79",
    "folder-remove": "0xf258",
    "folder-remove-outline": "0xfb7a",
    "folder-search": "0xf967",
    "folder-search-outline": "0xf968",
    "folder-star": "0xf69c",
    "folder-star-outline": "0xfb7b",
    "folder-upload": "0xf259",
    "font-awesome": "0xf03a",
    "food": "0xf25a",
    "food-apple": "0xf25b",
    "food-croissant": "0xf7c7",
    "food-fork-drink": "0xf5f2",
    "food-off": "0xf5f3",
    "food-variant": "0xf25c",
    "football": "0xf25d",
    "football-australian": "0xf25e",
    "football-helmet": "0xf25f",
    "forklift": "0xf7c8",
    "format-align-bottom": "0xf752",
    "format-align-center": "0xf260",
    "format-align-justify": "0xf261",
    "format-align-left": "0xf262",
    "format-align-middle": "0xf753",
    "format-align-right": "0xf263",
    "format-align-top": "0xf754",
    "format-annotation-minus": "0xfabb",
    "format-annotation-plus": "0xf646",
    "format-bold": "0xf264",
    "format-clear": "0xf265",
    "format-color-fill": "0xf266",
    "format-color-text": "0xf69d",
    "format-columns": "0xf8de",
    "format-float-center": "0xf267",
    "format-float-left": "0xf268",
    "format-float-none": "0xf269",
    "format-float-right": "0xf26a",
    "format-font": "0xf6d5",
    "format-font-size-decrease": "0xf9f2",
    "format-font-size-increase": "0xf9f3",
    "format-header-1": "0xf26b",
    "format-header-2": "0xf26c",
    "format-header-3": "0xf26d",
    "format-header-4": "0xf26e",
    "format-header-5": "0xf26f",
    "format-header-6": "0xf270",
    "format-header-decrease": "0xf271",
    "format-header-equal": "0xf272",
    "format-header-increase": "0xf273",
    "format-header-pound": "0xf274",
    "format-horizontal-align-center": "0xf61e",
    "format-horizontal-align-left": "0xf61f",
    "format-horizontal-align-right": "0xf620",
    "format-indent-decrease": "0xf275",
    "format-indent-increase": "0xf276",
    "format-italic": "0xf277",
    "format-letter-case": "0xfb19",
    "format-letter-case-lower": "0xfb1a",
    "format-letter-case-upper": "0xfb1b",
    "format-line-spacing": "0xf278",
    "format-line-style": "0xf5c8",
    "format-line-weight": "0xf5c9",
    "format-list-bulleted": "0xf279",
    "format-list-bulleted-type": "0xf27a",
    "format-list-checkbox": "0xf969",
    "format-list-checks": "0xf755",
    "format-list-numbers": "0xf27b",
    "format-page-break": "0xf6d6",
    "format-paint": "0xf27c",
    "format-paragraph": "0xf27d",
    "format-pilcrow": "0xf6d7",
    "format-quote-close": "0xf27e",
    "format-quote-open": "0xf756",
    "format-rotate-90": "0xf6a9",
    "format-section": "0xf69e",
    "format-size": "0xf27f",
    "format-strikethrough": "0xf280",
    "format-strikethrough-variant": "0xf281",
    "format-subscript": "0xf282",
    "format-superscript": "0xf283",
    "format-text": "0xf284",
    "format-textdirection-l-to-r": "0xf285",
    "format-textdirection-r-to-l": "0xf286",
    "format-title": "0xf5f4",
    "format-underline": "0xf287",
    "format-vertical-align-bottom": "0xf621",
    "format-vertical-align-center": "0xf622",
    "format-vertical-align-top": "0xf623",
    "format-wrap-inline": "0xf288",
    "format-wrap-square": "0xf289",
    "format-wrap-tight": "0xf28a",
    "format-wrap-top-bottom": "0xf28b",
    "forum": "0xf28c",
    "forum-outline": "0xf821",
    "forward": "0xf28d",
    "fountain": "0xf96a",
    "foursquare": "0xf28e",
    "freebsd": "0xf8df",
    "fridge": "0xf290",
    "fridge-bottom": "0xf292",
    "fridge-outline": "0xf28f",
    "fridge-top": "0xf291",
    "fuel": "0xf7c9",
    "fullscreen": "0xf293",
    "fullscreen-exit": "0xf294",
    "function": "0xf295",
    "function-variant": "0xf870",
    "gamepad": "0xf296",
    "gamepad-variant": "0xf297",
    "garage": "0xf6d8",
    "garage-alert": "0xf871",
    "garage-open": "0xf6d9",
    "gas-cylinder": "0xf647",
    "gas-station": "0xf298",
    "gate": "0xf299",
    "gate-and": "0xf8e0",
    "gate-nand": "0xf8e1",
    "gate-nor": "0xf8e2",
    "gate-not": "0xf8e3",
    "gate-or": "0xf8e4",
    "gate-xnor": "0xf8e5",
    "gate-xor": "0xf8e6",
    "gauge": "0xf29a",
    "gauge-empty": "0xf872",
    "gauge-full": "0xf873",
    "gauge-low": "0xf874",
    "gavel": "0xf29b",
    "gender-female": "0xf29c",
    "gender-male": "0xf29d",
    "gender-male-female": "0xf29e",
    "gender-transgender": "0xf29f",
    "gentoo": "0xf8e7",
    "gesture": "0xf7ca",
    "gesture-double-tap": "0xf73b",
    "gesture-pinch": "0xfabc",
    "gesture-spread": "0xfabd",
    "gesture-swipe-down": "0xf73c",
    "gesture-swipe-horizontal": "0xfabe",
    "gesture-swipe-left": "0xf73d",
    "gesture-swipe-right": "0xf73e",
    "gesture-swipe-up": "0xf73f",
    "gesture-swipe-vertical": "0xfabf",
    "gesture-tap": "0xf740",
    "gesture-two-double-tap": "0xf741",
    "gesture-two-tap": "0xf742",
    "ghost": "0xf2a0",
    "ghost-off": "0xf9f4",
    "gift": "0xf2a1",
    "git": "0xf2a2",
    "github-box": "0xf2a3",
    "github-circle": "0xf2a4",
    "github-face": "0xf6da",
    "gitlab": "0xfb7c",
    "glass-cocktail": "0xf356",
    "glass-flute": "0xf2a5",
    "glass-mug": "0xf2a6",
    "glass-stange": "0xf2a7",
    "glass-tulip": "0xf2a8",
    "glass-wine": "0xf875",
    "glassdoor": "0xf2a9",
    "glasses": "0xf2aa",
    "globe-model": "0xf8e8",
    "gmail": "0xf2ab",
    "gnome": "0xf2ac",
    "gog": "0xfb7d",
    "golf": "0xf822",
    "gondola": "0xf685",
    "google": "0xf2ad",
    "google-allo": "0xf801",
    "google-analytics": "0xf7cb",
    "google-assistant": "0xf7cc",
    "google-cardboard": "0xf2ae",
    "google-chrome": "0xf2af",
    "google-circles": "0xf2b0",
    "google-circles-communities": "0xf2b1",
    "google-circles-extended": "0xf2b2",
    "google-circles-group": "0xf2b3",
    "google-controller": "0xf2b4",
    "google-controller-off": "0xf2b5",
    "google-drive": "0xf2b6",
    "google-earth": "0xf2b7",
    "google-fit": "0xf96b",
    "google-glass": "0xf2b8",
    "google-hangouts": "0xf2c9",
    "google-home": "0xf823",
    "google-keep": "0xf6db",
    "google-lens": "0xf9f5",
    "google-maps": "0xf5f5",
    "google-nearby": "0xf2b9",
    "google-pages": "0xf2ba",
    "google-photos": "0xf6dc",
    "google-physical-web": "0xf2bb",
    "google-play": "0xf2bc",
    "google-plus": "0xf2bd",
    "google-plus-box": "0xf2be",
    "google-spreadsheet": "0xf9f6",
    "google-translate": "0xf2bf",
    "google-wallet": "0xf2c0",
    "gpu": "0xf8ad",
    "gradient": "0xf69f",
    "graphql": "0xf876",
    "grave-stone": "0xfb7e",
    "grease-pencil": "0xf648",
    "greater-than": "0xf96c",
    "greater-than-or-equal": "0xf96d",
    "grid": "0xf2c1",
    "grid-large": "0xf757",
    "grid-off": "0xf2c2",
    "group": "0xf2c3",
    "guitar-acoustic": "0xf770",
    "guitar-electric": "0xf2c4",
    "guitar-pick": "0xf2c5",
    "guitar-pick-outline": "0xf2c6",
    "guy-fawkes-mask": "0xf824",
    "hackernews": "0xf624",
    "hail": "0xfac0",
    "halloween": "0xfb7f",
    "hamburger": "0xf684",
    "hammer": "0xf8e9",
    "hand": "0xfa4e",
    "hand-okay": "0xfa4f",
    "hand-peace": "0xfa50",
    "hand-peace-variant": "0xfa51",
    "hand-pointing-down": "0xfa52",
    "hand-pointing-left": "0xfa53",
    "hand-pointing-right": "0xf2c7",
    "hand-pointing-up": "0xfa54",
    "hanger": "0xf2c8",
    "hard-hat": "0xf96e",
    "harddisk": "0xf2ca",
    "hat-fedora": "0xfb80",
    "headphones": "0xf2cb",
    "headphones-bluetooth": "0xf96f",
    "headphones-box": "0xf2cc",
    "headphones-off": "0xf7cd",
    "headphones-settings": "0xf2cd",
    "headset": "0xf2ce",
    "headset-dock": "0xf2cf",
    "headset-off": "0xf2d0",
    "heart": "0xf2d1",
    "heart-box": "0xf2d2",
    "heart-box-outline": "0xf2d3",
    "heart-broken": "0xf2d4",
    "heart-circle": "0xf970",
    "heart-circle-outline": "0xf971",
    "heart-half": "0xf6de",
    "heart-half-full": "0xf6dd",
    "heart-half-outline": "0xf6df",
    "heart-multiple": "0xfa55",
    "heart-multiple-outline": "0xfa56",
    "heart-off": "0xf758",
    "heart-outline": "0xf2d5",
    "heart-pulse": "0xf5f6",
    "helicopter": "0xfac1",
    "help": "0xf2d6",
    "help-box": "0xf78a",
    "help-circle": "0xf2d7",
    "help-circle-outline": "0xf625",
    "help-network": "0xf6f4",
    "help-rhombus": "0xfb81",
    "help-rhombus-outline": "0xfb82",
    "hexagon": "0xf2d8",
    "hexagon-multiple": "0xf6e0",
    "hexagon-outline": "0xf2d9",
    "hexagon-slice-1": "0xfac2",
    "hexagon-slice-2": "0xfac3",
    "hexagon-slice-3": "0xfac4",
    "hexagon-slice-4": "0xfac5",
    "hexagon-slice-5": "0xfac6",
    "hexagon-slice-6": "0xfac7",
    "hexagram": "0xfac8",
    "hexagram-outline": "0xfac9",
    "high-definition": "0xf7ce",
    "high-definition-box": "0xf877",
    "highway": "0xf5f7",
    "hinduism": "0xf972",
    "history": "0xf2da",
    "hockey-puck": "0xf878",
    "hockey-sticks": "0xf879",
    "hololens": "0xf2db",
    "home": "0xf2dc",
    "home-account": "0xf825",
    "home-alert": "0xf87a",
    "home-assistant": "0xf7cf",
    "home-automation": "0xf7d0",
    "home-circle": "0xf7d1",
    "home-currency-usd": "0xf8ae",
    "home-heart": "0xf826",
    "home-lock": "0xf8ea",
    "home-lock-open": "0xf8eb",
    "home-map-marker": "0xf5f8",
    "home-minus": "0xf973",
    "home-modern": "0xf2dd",
    "home-outline": "0xf6a0",
    "home-plus": "0xf974",
    "home-variant": "0xf2de",
    "home-variant-outline": "0xfb83",
    "hook": "0xf6e1",
    "hook-off": "0xf6e2",
    "hops": "0xf2df",
    "horseshoe": "0xfa57",
    "hospital": "0xf2e0",
    "hospital-building": "0xf2e1",
    "hospital-marker": "0xf2e2",
    "hot-tub": "0xf827",
    "hotel": "0xf2e3",
    "houzz": "0xf2e4",
    "houzz-box": "0xf2e5",
    "hulu": "0xf828",
    "human": "0xf2e6",
    "human-child": "0xf2e7",
    "human-female": "0xf649",
    "human-female-boy": "0xfa58",
    "human-female-female": "0xfa59",
    "human-female-girl": "0xfa5a",
    "human-greeting": "0xf64a",
    "human-handsdown": "0xf64b",
    "human-handsup": "0xf64c",
    "human-male": "0xf64d",
    "human-male-boy": "0xfa5b",
    "human-male-female": "0xf2e8",
    "human-male-girl": "0xfa5c",
    "human-male-male": "0xfa5d",
    "human-pregnant": "0xf5cf",
    "humble-bundle": "0xf743",
    "ice-cream": "0xf829",
    "image": "0xf2e9",
    "image-album": "0xf2ea",
    "image-area": "0xf2eb",
    "image-area-close": "0xf2ec",
    "image-broken": "0xf2ed",
    "image-broken-variant": "0xf2ee",
    "image-filter": "0xf2ef",
    "image-filter-black-white": "0xf2f0",
    "image-filter-center-focus": "0xf2f1",
    "image-filter-center-focus-weak": "0xf2f2",
    "image-filter-drama": "0xf2f3",
    "image-filter-frames": "0xf2f4",
    "image-filter-hdr": "0xf2f5",
    "image-filter-none": "0xf2f6",
    "image-filter-tilt-shift": "0xf2f7",
    "image-filter-vintage": "0xf2f8",
    "image-move": "0xf9f7",
    "image-multiple": "0xf2f9",
    "image-off": "0xf82a",
    "image-outline": "0xf975",
    "image-plus": "0xf87b",
    "image-search": "0xf976",
    "image-search-outline": "0xf977",
    "import": "0xf2fa",
    "inbox": "0xf686",
    "inbox-arrow-down": "0xf2fb",
    "inbox-arrow-up": "0xf3d1",
    "inbox-multiple": "0xf8af",
    "inbox-multiple-outline": "0xfb84",
    "incognito": "0xf5f9",
    "infinity": "0xf6e3",
    "information": "0xf2fc",
    "information-outline": "0xf2fd",
    "information-variant": "0xf64e",
    "instagram": "0xf2fe",
    "instapaper": "0xf2ff",
    "internet-explorer": "0xf300",
    "invert-colors": "0xf301",
    "ip": "0xfa5e",
    "ip-network": "0xfa5f",
    "islam": "0xf978",
    "itunes": "0xf676",
    "jeepney": "0xf302",
    "jira": "0xf303",
    "jquery": "0xf87c",
    "jsfiddle": "0xf304",
    "json": "0xf626",
    "judaism": "0xf979",
    "karate": "0xf82b",
    "keg": "0xf305",
    "kettle": "0xf5fa",
    "key": "0xf306",
    "key-change": "0xf307",
    "key-minus": "0xf308",
    "key-plus": "0xf309",
    "key-remove": "0xf30a",
    "key-variant": "0xf30b",
    "keyboard": "0xf30c",
    "keyboard-backspace": "0xf30d",
    "keyboard-caps": "0xf30e",
    "keyboard-close": "0xf30f",
    "keyboard-off": "0xf310",
    "keyboard-outline": "0xf97a",
    "keyboard-return": "0xf311",
    "keyboard-settings": "0xf9f8",
    "keyboard-settings-outline": "0xf9f9",
    "keyboard-tab": "0xf312",
    "keyboard-variant": "0xf313",
    "kickstarter": "0xf744",
    "knife": "0xf9fa",
    "knife-military": "0xf9fb",
    "kodi": "0xf314",
    "label": "0xf315",
    "label-off": "0xfaca",
    "label-off-outline": "0xfacb",
    "label-outline": "0xf316",
    "label-variant": "0xfacc",
    "label-variant-outline": "0xfacd",
    "ladybug": "0xf82c",
    "lambda": "0xf627",
    "lamp": "0xf6b4",
    "lan": "0xf317",
    "lan-connect": "0xf318",
    "lan-disconnect": "0xf319",
    "lan-pending": "0xf31a",
    "language-c": "0xf671",
    "language-cpp": "0xf672",
    "language-csharp": "0xf31b",
    "language-css3": "0xf31c",
    "language-go": "0xf7d2",
    "language-html5": "0xf31d",
    "language-java": "0xfb1c",
    "language-javascript": "0xf31e",
    "language-lua": "0xf8b0",
    "language-php": "0xf31f",
    "language-python": "0xf320",
    "language-python-text": "0xf321",
    "language-r": "0xf7d3",
    "language-ruby-on-rails": "0xface",
    "language-swift": "0xf6e4",
    "language-typescript": "0xf6e5",
    "laptop": "0xf322",
    "laptop-chromebook": "0xf323",
    "laptop-mac": "0xf324",
    "laptop-off": "0xf6e6",
    "laptop-windows": "0xf325",
    "laravel": "0xfacf",
    "lastfm": "0xf326",
    "lastpass": "0xf446",
    "launch": "0xf327",
    "lava-lamp": "0xf7d4",
    "layers": "0xf328",
    "layers-off": "0xf329",
    "layers-off-outline": "0xf9fc",
    "layers-outline": "0xf9fd",
    "lead-pencil": "0xf64f",
    "leaf": "0xf32a",
    "led-off": "0xf32b",
    "led-on": "0xf32c",
    "led-outline": "0xf32d",
    "led-strip": "0xf7d5",
    "led-variant-off": "0xf32e",
    "led-variant-on": "0xf32f",
    "led-variant-outline": "0xf330",
    "less-than": "0xf97b",
    "less-than-or-equal": "0xf97c",
    "library": "0xf331",
    "library-books": "0xf332",
    "library-music": "0xf333",
    "library-plus": "0xf334",
    "library-shelves": "0xfb85",
    "lifebuoy": "0xf87d",
    "light-switch": "0xf97d",
    "lightbulb": "0xf335",
    "lightbulb-on": "0xf6e7",
    "lightbulb-on-outline": "0xf6e8",
    "lightbulb-outline": "0xf336",
    "lighthouse": "0xf9fe",
    "lighthouse-on": "0xf9ff",
    "link": "0xf337",
    "link-off": "0xf338",
    "link-variant": "0xf339",
    "link-variant-off": "0xf33a",
    "linkedin": "0xf33b",
    "linkedin-box": "0xf33c",
    "linux": "0xf33d",
    "linux-mint": "0xf8ec",
    "litecoin": "0xfa60",
    "loading": "0xf771",
    "lock": "0xf33e",
    "lock-alert": "0xf8ed",
    "lock-clock": "0xf97e",
    "lock-open": "0xf33f",
    "lock-open-outline": "0xf340",
    "lock-outline": "0xf341",
    "lock-pattern": "0xf6e9",
    "lock-plus": "0xf5fb",
    "lock-question": "0xf8ee",
    "lock-reset": "0xf772",
    "lock-smart": "0xf8b1",
    "locker": "0xf7d6",
    "locker-multiple": "0xf7d7",
    "login": "0xf342",
    "login-variant": "0xf5fc",
    "logout": "0xf343",
    "logout-variant": "0xf5fd",
    "looks": "0xf344",
    "loop": "0xf6ea",
    "loupe": "0xf345",
    "lumx": "0xf346",
    "lyft": "0xfb1d",
    "magnet": "0xf347",
    "magnet-on": "0xf348",
    "magnify": "0xf349",
    "magnify-close": "0xf97f",
    "magnify-minus": "0xf34a",
    "magnify-minus-cursor": "0xfa61",
    "magnify-minus-outline": "0xf6eb",
    "magnify-plus": "0xf34b",
    "magnify-plus-cursor": "0xfa62",
    "magnify-plus-outline": "0xf6ec",
    "mail-ru": "0xf34c",
    "mailbox": "0xf6ed",
    "map": "0xf34d",
    "map-legend": "0xfa00",
    "map-marker": "0xf34e",
    "map-marker-circle": "0xf34f",
    "map-marker-distance": "0xf8ef",
    "map-marker-minus": "0xf650",
    "map-marker-multiple": "0xf350",
    "map-marker-off": "0xf351",
    "map-marker-outline": "0xf7d8",
    "map-marker-plus": "0xf651",
    "map-marker-radius": "0xf352",
    "map-minus": "0xf980",
    "map-outline": "0xf981",
    "map-plus": "0xf982",
    "map-search": "0xf983",
    "map-search-outline": "0xf984",
    "mapbox": "0xfb86",
    "margin": "0xf353",
    "markdown": "0xf354",
    "marker": "0xf652",
    "marker-check": "0xf355",
    "mastodon": "0xfad0",
    "mastodon-variant": "0xfad1",
    "material-design": "0xf985",
    "material-ui": "0xf357",
    "math-compass": "0xf358",
    "matrix": "0xf628",
    "maxcdn": "0xf359",
    "medal": "0xf986",
    "medical-bag": "0xf6ee",
    "medium": "0xf35a",
    "meetup": "0xfad2",
    "memory": "0xf35b",
    "menu": "0xf35c",
    "menu-down": "0xf35d",
    "menu-down-outline": "0xf6b5",
    "menu-left": "0xf35e",
    "menu-left-outline": "0xfa01",
    "menu-open": "0xfb87",
    "menu-right": "0xf35f",
    "menu-right-outline": "0xfa02",
    "menu-swap": "0xfa63",
    "menu-swap-outline": "0xfa64",
    "menu-up": "0xf360",
    "menu-up-outline": "0xf6b6",
    "message": "0xf361",
    "message-alert": "0xf362",
    "message-alert-outline": "0xfa03",
    "message-bulleted": "0xf6a1",
    "message-bulleted-off": "0xf6a2",
    "message-draw": "0xf363",
    "message-image": "0xf364",
    "message-outline": "0xf365",
    "message-plus": "0xf653",
    "message-processing": "0xf366",
    "message-reply": "0xf367",
    "message-reply-text": "0xf368",
    "message-settings": "0xf6ef",
    "message-settings-variant": "0xf6f0",
    "message-text": "0xf369",
    "message-text-outline": "0xf36a",
    "message-video": "0xf36b",
    "meteor": "0xf629",
    "metronome": "0xf7d9",
    "metronome-tick": "0xf7da",
    "micro-sd": "0xf7db",
    "microphone": "0xf36c",
    "microphone-minus": "0xf8b2",
    "microphone-off": "0xf36d",
    "microphone-outline": "0xf36e",
    "microphone-plus": "0xf8b3",
    "microphone-settings": "0xf36f",
    "microphone-variant": "0xf370",
    "microphone-variant-off": "0xf371",
    "microscope": "0xf654",
    "microsoft": "0xf372",
    "microsoft-dynamics": "0xf987",
    "midi": "0xf8f0",
    "midi-port": "0xf8f1",
    "minecraft": "0xf373",
    "mini-sd": "0xfa04",
    "minidisc": "0xfa05",
    "minus": "0xf374",
    "minus-box": "0xf375",
    "minus-box-outline": "0xf6f1",
    "minus-circle": "0xf376",
    "minus-circle-outline": "0xf377",
    "minus-network": "0xf378",
    "mixcloud": "0xf62a",
    "mixed-reality": "0xf87e",
    "mixer": "0xf7dc",
    "molecule": "0xfb88",
    "monitor": "0xf379",
    "monitor-cellphone": "0xf988",
    "monitor-cellphone-star": "0xf989",
    "monitor-dashboard": "0xfa06",
    "monitor-multiple": "0xf37a",
    "more": "0xf37b",
    "motorbike": "0xf37c",
    "mouse": "0xf37d",
    "mouse-bluetooth": "0xf98a",
    "mouse-off": "0xf37e",
    "mouse-variant": "0xf37f",
    "mouse-variant-off": "0xf380",
    "move-resize": "0xf655",
    "move-resize-variant": "0xf656",
    "movie": "0xf381",
    "movie-roll": "0xf7dd",
    "muffin": "0xf98b",
    "multiplication": "0xf382",
    "multiplication-box": "0xf383",
    "mushroom": "0xf7de",
    "mushroom-outline": "0xf7df",
    "music": "0xf759",
    "music-box": "0xf384",
    "music-box-outline": "0xf385",
    "music-circle": "0xf386",
    "music-circle-outline": "0xfad3",
    "music-note": "0xf387",
    "music-note-bluetooth": "0xf5fe",
    "music-note-bluetooth-off": "0xf5ff",
    "music-note-eighth": "0xf388",
    "music-note-half": "0xf389",
    "music-note-off": "0xf38a",
    "music-note-quarter": "0xf38b",
    "music-note-sixteenth": "0xf38c",
    "music-note-whole": "0xf38d",
    "music-off": "0xf75a",
    "nas": "0xf8f2",
    "nativescript": "0xf87f",
    "nature": "0xf38e",
    "nature-people": "0xf38f",
    "navigation": "0xf390",
    "near-me": "0xf5cd",
    "needle": "0xf391",
    "netflix": "0xf745",
    "network": "0xf6f2",
    "network-strength-1": "0xf8f3",
    "network-strength-1-alert": "0xf8f4",
    "network-strength-2": "0xf8f5",
    "network-strength-2-alert": "0xf8f6",
    "network-strength-3": "0xf8f7",
    "network-strength-3-alert": "0xf8f8",
    "network-strength-4": "0xf8f9",
    "network-strength-4-alert": "0xf8fa",
    "network-strength-off": "0xf8fb",
    "network-strength-off-outline": "0xf8fc",
    "network-strength-outline": "0xf8fd",
    "new-box": "0xf394",
    "newspaper": "0xf395",
    "nfc": "0xf396",
    "nfc-tap": "0xf397",
    "nfc-variant": "0xf398",
    "ninja": "0xf773",
    "nintendo-switch": "0xf7e0",
    "nodejs": "0xf399",
    "not-equal": "0xf98c",
    "not-equal-variant": "0xf98d",
    "note": "0xf39a",
    "note-multiple": "0xf6b7",
    "note-multiple-outline": "0xf6b8",
    "note-outline": "0xf39b",
    "note-plus": "0xf39c",
    "note-plus-outline": "0xf39d",
    "note-text": "0xf39e",
    "notebook": "0xf82d",
    "notification-clear-all": "0xf39f",
    "npm": "0xf6f6",
    "npm-variant": "0xf98e",
    "npm-variant-outline": "0xf98f",
    "nuke": "0xf6a3",
    "null": "0xf7e1",
    "numeric": "0xf3a0",
    "numeric-0": "0x30",
    "numeric-0-box": "0xf3a1",
    "numeric-0-box-multiple-outline": "0xf3a2",
    "numeric-0-box-outline": "0xf3a3",
    "numeric-1": "0x31",
    "numeric-1-box": "0xf3a4",
    "numeric-1-box-multiple-outline": "0xf3a5",
    "numeric-1-box-outline": "0xf3a6",
    "numeric-2": "0x32",
    "numeric-2-box": "0xf3a7",
    "numeric-2-box-multiple-outline": "0xf3a8",
    "numeric-2-box-outline": "0xf3a9",
    "numeric-3": "0x33",
    "numeric-3-box": "0xf3aa",
    "numeric-3-box-multiple-outline": "0xf3ab",
    "numeric-3-box-outline": "0xf3ac",
    "numeric-4": "0x34",
    "numeric-4-box": "0xf3ad",
    "numeric-4-box-multiple-outline": "0xf3ae",
    "numeric-4-box-outline": "0xf3af",
    "numeric-5": "0x35",
    "numeric-5-box": "0xf3b0",
    "numeric-5-box-multiple-outline": "0xf3b1",
    "numeric-5-box-outline": "0xf3b2",
    "numeric-6": "0x36",
    "numeric-6-box": "0xf3b3",
    "numeric-6-box-multiple-outline": "0xf3b4",
    "numeric-6-box-outline": "0xf3b5",
    "numeric-7": "0x37",
    "numeric-7-box": "0xf3b6",
    "numeric-7-box-multiple-outline": "0xf3b7",
    "numeric-7-box-outline": "0xf3b8",
    "numeric-8": "0x38",
    "numeric-8-box": "0xf3b9",
    "numeric-8-box-multiple-outline": "0xf3ba",
    "numeric-8-box-outline": "0xf3bb",
    "numeric-9": "0x39",
    "numeric-9-box": "0xf3bc",
    "numeric-9-box-multiple-outline": "0xf3bd",
    "numeric-9-box-outline": "0xf3be",
    "numeric-9-plus-box": "0xf3bf",
    "numeric-9-plus-box-multiple-outline": "0xf3c0",
    "numeric-9-plus-box-outline": "0xf3c1",
    "nut": "0xf6f7",
    "nutrition": "0xf3c2",
    "oar": "0xf67b",
    "octagon": "0xf3c3",
    "octagon-outline": "0xf3c4",
    "octagram": "0xf6f8",
    "octagram-outline": "0xf774",
    "odnoklassniki": "0xf3c5",
    "office": "0xf3c6",
    "office-building": "0xf990",
    "oil": "0xf3c7",
    "oil-temperature": "0xf3c8",
    "omega": "0xf3c9",
    "one-up": "0xfb89",
    "onedrive": "0xf3ca",
    "onenote": "0xf746",
    "onepassword": "0xf880",
    "opacity": "0xf5cc",
    "open-in-app": "0xf3cb",
    "open-in-new": "0xf3cc",
    "open-source-initiative": "0xfb8a",
    "openid": "0xf3cd",
    "opera": "0xf3ce",
    "orbit": "0xf018",
    "origin": "0xfb2b",
    "ornament": "0xf3cf",
    "ornament-variant": "0xf3d0",
    "owl": "0xf3d2",
    "pac-man": "0xfb8b",
    "package": "0xf3d3",
    "package-down": "0xf3d4",
    "package-up": "0xf3d5",
    "package-variant": "0xf3d6",
    "package-variant-closed": "0xf3d7",
    "page-first": "0xf600",
    "page-last": "0xf601",
    "page-layout-body": "0xf6f9",
    "page-layout-footer": "0xf6fa",
    "page-layout-header": "0xf6fb",
    "page-layout-sidebar-left": "0xf6fc",
    "page-layout-sidebar-right": "0xf6fd",
    "page-next": "0xfb8c",
    "page-next-outline": "0xfb8d",
    "page-previous": "0xfb8e",
    "page-previous-outline": "0xfb8f",
    "palette": "0xf3d8",
    "palette-advanced": "0xf3d9",
    "palette-swatch": "0xf8b4",
    "pan": "0xfb90",
    "pan-bottom-left": "0xfb91",
    "pan-bottom-right": "0xfb92",
    "pan-down": "0xfb93",
    "pan-horizontal": "0xfb94",
    "pan-left": "0xfb95",
    "pan-right": "0xfb96",
    "pan-top-left": "0xfb97",
    "pan-top-right": "0xfb98",
    "pan-up": "0xfb99",
    "pan-vertical": "0xfb9a",
    "panda": "0xf3da",
    "pandora": "0xf3db",
    "panorama": "0xf3dc",
    "panorama-fisheye": "0xf3dd",
    "panorama-horizontal": "0xf3de",
    "panorama-vertical": "0xf3df",
    "panorama-wide-angle": "0xf3e0",
    "paper-cut-vertical": "0xf3e1",
    "paperclip": "0xf3e2",
    "parking": "0xf3e3",
    "passport": "0xf7e2",
    "patreon": "0xf881",
    "pause": "0xf3e4",
    "pause-circle": "0xf3e5",
    "pause-circle-outline": "0xf3e6",
    "pause-octagon": "0xf3e7",
    "pause-octagon-outline": "0xf3e8",
    "paw": "0xf3e9",
    "paw-off": "0xf657",
    "paypal": "0xf882",
    "peace": "0xf883",
    "pen": "0xf3ea",
    "pencil": "0xf3eb",
    "pencil-box": "0xf3ec",
    "pencil-box-outline": "0xf3ed",
    "pencil-circle": "0xf6fe",
    "pencil-circle-outline": "0xf775",
    "pencil-lock": "0xf3ee",
    "pencil-off": "0xf3ef",
    "pentagon": "0xf6ff",
    "pentagon-outline": "0xf700",
    "percent": "0xf3f0",
    "periodic-table": "0xf8b5",
    "periodic-table-co2": "0xf7e3",
    "periscope": "0xf747",
    "pharmacy": "0xf3f1",
    "phone": "0xf3f2",
    "phone-bluetooth": "0xf3f3",
    "phone-classic": "0xf602",
    "phone-forward": "0xf3f4",
    "phone-hangup": "0xf3f5",
    "phone-in-talk": "0xf3f6",
    "phone-incoming": "0xf3f7",
    "phone-lock": "0xf3f8",
    "phone-log": "0xf3f9",
    "phone-minus": "0xf658",
    "phone-missed": "0xf3fa",
    "phone-outgoing": "0xf3fb",
    "phone-paused": "0xf3fc",
    "phone-plus": "0xf659",
    "phone-return": "0xf82e",
    "phone-rotate-landscape": "0xf884",
    "phone-rotate-portrait": "0xf885",
    "phone-settings": "0xf3fd",
    "phone-voip": "0xf3fe",
    "pi": "0xf3ff",
    "pi-box": "0xf400",
    "piano": "0xf67c",
    "pickaxe": "0xf8b6",
    "pier": "0xf886",
    "pier-crane": "0xf887",
    "pig": "0xf401",
    "pill": "0xf402",
    "pillar": "0xf701",
    "pin": "0xf403",
    "pin-off": "0xf404",
    "pin-off-outline": "0xf92f",
    "pin-outline": "0xf930",
    "pine-tree": "0xf405",
    "pine-tree-box": "0xf406",
    "pinterest": "0xf407",
    "pinterest-box": "0xf408",
    "pinwheel": "0xfad4",
    "pinwheel-outline": "0xfad5",
    "pipe": "0xf7e4",
    "pipe-disconnected": "0xf7e5",
    "pipe-leak": "0xf888",
    "pirate": "0xfa07",
    "pistol": "0xf702",
    "piston": "0xf889",
    "pizza": "0xf409",
    "plane-shield": "0xf6ba",
    "play": "0xf40a",
    "play-box-outline": "0xf40b",
    "play-circle": "0xf40c",
    "play-circle-outline": "0xf40d",
    "play-network": "0xf88a",
    "play-pause": "0xf40e",
    "play-protected-content": "0xf40f",
    "play-speed": "0xf8fe",
    "playlist-check": "0xf5c7",
    "playlist-edit": "0xf8ff",
    "playlist-minus": "0xf410",
    "playlist-play": "0xf411",
    "playlist-plus": "0xf412",
    "playlist-remove": "0xf413",
    "playstation": "0xf414",
    "plex": "0xf6b9",
    "plus": "0xf415",
    "plus-box": "0xf416",
    "plus-box-outline": "0xf703",
    "plus-circle": "0xf417",
    "plus-circle-multiple-outline": "0xf418",
    "plus-circle-outline": "0xf419",
    "plus-minus": "0xf991",
    "plus-minus-box": "0xf992",
    "plus-network": "0xf41a",
    "plus-one": "0xf41b",
    "plus-outline": "0xf704",
    "pocket": "0xf41c",
    "podcast": "0xf993",
    "pokeball": "0xf41d",
    "pokemon-go": "0xfa08",
    "poker-chip": "0xf82f",
    "polaroid": "0xf41e",
    "poll": "0xf41f",
    "poll-box": "0xf420",
    "polymer": "0xf421",
    "pool": "0xf606",
    "popcorn": "0xf422",
    "pot": "0xf65a",
    "pot-mix": "0xf65b",
    "pound": "0xf423",
    "pound-box": "0xf424",
    "power": "0xf425",
    "power-cycle": "0xf900",
    "power-off": "0xf901",
    "power-on": "0xf902",
    "power-plug": "0xf6a4",
    "power-plug-off": "0xf6a5",
    "power-settings": "0xf426",
    "power-sleep": "0xf903",
    "power-socket": "0xf427",
    "power-socket-au": "0xf904",
    "power-socket-eu": "0xf7e6",
    "power-socket-uk": "0xf7e7",
    "power-socket-us": "0xf7e8",
    "power-standby": "0xf905",
    "powershell": "0xfa09",
    "prescription": "0xf705",
    "presentation": "0xf428",
    "presentation-play": "0xf429",
    "printer": "0xf42a",
    "printer-3d": "0xf42b",
    "printer-alert": "0xf42c",
    "printer-settings": "0xf706",
    "printer-wireless": "0xfa0a",
    "priority-high": "0xf603",
    "priority-low": "0xf604",
    "professional-hexagon": "0xf42d",
    "progress-check": "0xf994",
    "progress-clock": "0xf995",
    "progress-download": "0xf996",
    "progress-upload": "0xf997",
    "projector": "0xf42e",
    "projector-screen": "0xf42f",
    "publish": "0xf6a6",
    "pulse": "0xf430",
    "pumpkin": "0xfb9b",
    "puzzle": "0xf431",
    "puzzle-outline": "0xfa65",
    "qi": "0xf998",
    "qqchat": "0xf605",
    "qrcode": "0xf432",
    "qrcode-edit": "0xf8b7",
    "qrcode-scan": "0xf433",
    "quadcopter": "0xf434",
    "quality-high": "0xf435",
    "quality-low": "0xfa0b",
    "quality-medium": "0xfa0c",
    "quicktime": "0xf436",
    "rabbit": "0xf906",
    "radar": "0xf437",
    "radiator": "0xf438",
    "radiator-disabled": "0xfad6",
    "radiator-off": "0xfad7",
    "radio": "0xf439",
    "radio-handheld": "0xf43a",
    "radio-tower": "0xf43b",
    "radioactive": "0xf43c",
    "radiobox-blank": "0xf43d",
    "radiobox-marked": "0xf43e",
    "raspberrypi": "0xf43f",
    "ray-end": "0xf440",
    "ray-end-arrow": "0xf441",
    "ray-start": "0xf442",
    "ray-start-arrow": "0xf443",
    "ray-start-end": "0xf444",
    "ray-vertex": "0xf445",
    "react": "0xf707",
    "read": "0xf447",
    "receipt": "0xf449",
    "record": "0xf44a",
    "record-player": "0xf999",
    "record-rec": "0xf44b",
    "recycle": "0xf44c",
    "reddit": "0xf44d",
    "redo": "0xf44e",
    "redo-variant": "0xf44f",
    "reflect-horizontal": "0xfa0d",
    "reflect-vertical": "0xfa0e",
    "refresh": "0xf450",
    "regex": "0xf451",
    "registered-trademark": "0xfa66",
    "relative-scale": "0xf452",
    "reload": "0xf453",
    "reminder": "0xf88b",
    "remote": "0xf454",
    "remote-desktop": "0xf8b8",
    "rename-box": "0xf455",
    "reorder-horizontal": "0xf687",
    "reorder-vertical": "0xf688",
    "repeat": "0xf456",
    "repeat-off": "0xf457",
    "repeat-once": "0xf458",
    "replay": "0xf459",
    "reply": "0xf45a",
    "reply-all": "0xf45b",
    "reproduction": "0xf45c",
    "resistor": "0xfb1f",
    "resistor-nodes": "0xfb20",
    "resize": "0xfa67",
    "resize-bottom-right": "0xf45d",
    "responsive": "0xf45e",
    "restart": "0xf708",
    "restore": "0xf99a",
    "restore-clock": "0xf6a7",
    "rewind": "0xf45f",
    "rewind-outline": "0xf709",
    "rhombus": "0xf70a",
    "rhombus-medium": "0xfa0f",
    "rhombus-outline": "0xf70b",
    "rhombus-split": "0xfa10",
    "ribbon": "0xf460",
    "rice": "0xf7e9",
    "ring": "0xf7ea",
    "road": "0xf461",
    "road-variant": "0xf462",
    "robot": "0xf6a8",
    "robot-industrial": "0xfb21",
    "robot-vacuum": "0xf70c",
    "robot-vacuum-variant": "0xf907",
    "rocket": "0xf463",
    "rollupjs": "0xfb9c",
    "room-service": "0xf88c",
    "rotate-3d": "0xf464",
    "rotate-left": "0xf465",
    "rotate-left-variant": "0xf466",
    "rotate-right": "0xf467",
    "rotate-right-variant": "0xf468",
    "rounded-corner": "0xf607",
    "router-wireless": "0xf469",
    "router-wireless-settings": "0xfa68",
    "routes": "0xf46a",
    "rowing": "0xf608",
    "rss": "0xf46b",
    "rss-box": "0xf46c",
    "ruler": "0xf46d",
    "run": "0xf70d",
    "run-fast": "0xf46e",
    "safe": "0xfa69",
    "sale": "0xf46f",
    "salesforce": "0xf88d",
    "sass": "0xf7eb",
    "satellite": "0xf470",
    "satellite-uplink": "0xf908",
    "satellite-variant": "0xf471",
    "sausage": "0xf8b9",
    "saxophone": "0xf609",
    "scale": "0xf472",
    "scale-balance": "0xf5d1",
    "scale-bathroom": "0xf473",
    "scanner": "0xf6aa",
    "scanner-off": "0xf909",
    "school": "0xf474",
    "scissors-cutting": "0xfa6a",
    "screen-rotation": "0xf475",
    "screen-rotation-lock": "0xf476",
    "screwdriver": "0xf477",
    "script": "0xfb9d",
    "script-outline": "0xf478",
    "script-text": "0xfb9e",
    "script-text-outline": "0xfb9f",
    "sd": "0xf479",
    "seal": "0xf47a",
    "search-web": "0xf70e",
    "seat-flat": "0xf47b",
    "seat-flat-angled": "0xf47c",
    "seat-individual-suite": "0xf47d",
    "seat-legroom-extra": "0xf47e",
    "seat-legroom-normal": "0xf47f",
    "seat-legroom-reduced": "0xf480",
    "seat-recline-extra": "0xf481",
    "seat-recline-normal": "0xf482",
    "security": "0xf483",
    "security-account": "0xf88e",
    "security-account-outline": "0xfa11",
    "security-close": "0xf99b",
    "security-home": "0xf689",
    "security-lock": "0xf99c",
    "security-network": "0xf484",
    "security-off": "0xf99d",
    "select": "0xf485",
    "select-all": "0xf486",
    "select-compare": "0xfad8",
    "select-drag": "0xfa6b",
    "select-inverse": "0xf487",
    "select-off": "0xf488",
    "selection": "0xf489",
    "selection-drag": "0xfa6c",
    "selection-off": "0xf776",
    "send": "0xf48a",
    "send-lock": "0xf7ec",
    "serial-port": "0xf65c",
    "server": "0xf48b",
    "server-minus": "0xf48c",
    "server-network": "0xf48d",
    "server-network-off": "0xf48e",
    "server-off": "0xf48f",
    "server-plus": "0xf490",
    "server-remove": "0xf491",
    "server-security": "0xf492",
    "set-all": "0xf777",
    "set-center": "0xf778",
    "set-center-right": "0xf779",
    "set-left": "0xf77a",
    "set-left-center": "0xf77b",
    "set-left-right": "0xf77c",
    "set-none": "0xf77d",
    "set-right": "0xf77e",
    "set-top-box": "0xf99e",
    "settings": "0xf493",
    "settings-box": "0xf494",
    "settings-helper": "0xfa6d",
    "settings-outline": "0xf8ba",
    "shape": "0xf830",
    "shape-circle-plus": "0xf65d",
    "shape-outline": "0xf831",
    "shape-plus": "0xf495",
    "shape-polygon-plus": "0xf65e",
    "shape-rectangle-plus": "0xf65f",
    "shape-square-plus": "0xf660",
    "share": "0xf496",
    "share-outline": "0xf931",
    "share-variant": "0xf497",
    "shield": "0xf498",
    "shield-half-full": "0xf77f",
    "shield-key": "0xfba0",
    "shield-key-outline": "0xfba1",
    "shield-outline": "0xf499",
    "shield-plus": "0xfad9",
    "shield-plus-outline": "0xfada",
    "shield-remove": "0xfadb",
    "shield-remove-outline": "0xfadc",
    "ship-wheel": "0xf832",
    "shoe-formal": "0xfb22",
    "shoe-heel": "0xfb23",
    "shopify": "0xfadd",
    "shopping": "0xf49a",
    "shopping-music": "0xf49b",
    "shovel": "0xf70f",
    "shovel-off": "0xf710",
    "shower": "0xf99f",
    "shower-head": "0xf9a0",
    "shredder": "0xf49c",
    "shuffle": "0xf49d",
    "shuffle-disabled": "0xf49e",
    "shuffle-variant": "0xf49f",
    "sigma": "0xf4a0",
    "sigma-lower": "0xf62b",
    "sign-caution": "0xf4a1",
    "sign-direction": "0xf780",
    "sign-text": "0xf781",
    "signal": "0xf4a2",
    "signal-2g": "0xf711",
    "signal-3g": "0xf712",
    "signal-4g": "0xf713",
    "signal-5g": "0xfa6e",
    "signal-cellular-1": "0xf8bb",
    "signal-cellular-2": "0xf8bc",
    "signal-cellular-3": "0xf8bd",
    "signal-cellular-outline": "0xf8be",
    "signal-hspa": "0xf714",
    "signal-hspa-plus": "0xf715",
    "signal-off": "0xf782",
    "signal-variant": "0xf60a",
    "silo": "0xfb24",
    "silverware": "0xf4a3",
    "silverware-fork": "0xf4a4",
    "silverware-fork-knife": "0xfa6f",
    "silverware-spoon": "0xf4a5",
    "silverware-variant": "0xf4a6",
    "sim": "0xf4a7",
    "sim-alert": "0xf4a8",
    "sim-off": "0xf4a9",
    "sina-weibo": "0xfade",
    "sitemap": "0xf4aa",
    "skip-backward": "0xf4ab",
    "skip-forward": "0xf4ac",
    "skip-next": "0xf4ad",
    "skip-next-circle": "0xf661",
    "skip-next-circle-outline": "0xf662",
    "skip-previous": "0xf4ae",
    "skip-previous-circle": "0xf663",
    "skip-previous-circle-outline": "0xf664",
    "skull": "0xf68b",
    "skull-crossbones": "0xfba2",
    "skull-crossbones-outline": "0xfba3",
    "skull-outline": "0xfba4",
    "skype": "0xf4af",
    "skype-business": "0xf4b0",
    "slack": "0xf4b1",
    "slackware": "0xf90a",
    "sleep": "0xf4b2",
    "sleep-off": "0xf4b3",
    "smog": "0xfa70",
    "smoke-detector": "0xf392",
    "smoking": "0xf4b4",
    "smoking-off": "0xf4b5",
    "snapchat": "0xf4b6",
    "snowflake": "0xf716",
    "snowman": "0xf4b7",
    "soccer": "0xf4b8",
    "soccer-field": "0xf833",
    "sofa": "0xf4b9",
    "solar-power": "0xfa71",
    "solid": "0xf68c",
    "sort": "0xf4ba",
    "sort-alphabetical": "0xf4bb",
    "sort-ascending": "0xf4bc",
    "sort-descending": "0xf4bd",
    "sort-numeric": "0xf4be",
    "sort-variant": "0xf4bf",
    "soundcloud": "0xf4c0",
    "source-branch": "0xf62c",
    "source-commit": "0xf717",
    "source-commit-end": "0xf718",
    "source-commit-end-local": "0xf719",
    "source-commit-local": "0xf71a",
    "source-commit-next-local": "0xf71b",
    "source-commit-start": "0xf71c",
    "source-commit-start-next-local": "0xf71d",
    "source-fork": "0xf4c1",
    "source-merge": "0xf62d",
    "source-pull": "0xf4c2",
    "soy-sauce": "0xf7ed",
    "space-invaders": "0xfba5",
    "speaker": "0xf4c3",
    "speaker-bluetooth": "0xf9a1",
    "speaker-off": "0xf4c4",
    "speaker-wireless": "0xf71e",
    "speedometer": "0xf4c5",
    "spellcheck": "0xf4c6",
    "spider-web": "0xfba6",
    "spotify": "0xf4c7",
    "spotlight": "0xf4c8",
    "spotlight-beam": "0xf4c9",
    "spray": "0xf665",
    "spray-bottle": "0xfadf",
    "square": "0xf763",
    "square-edit-outline": "0xf90b",
    "square-inc": "0xf4ca",
    "square-inc-cash": "0xf4cb",
    "square-medium": "0xfa12",
    "square-medium-outline": "0xfa13",
    "square-outline": "0xf762",
    "square-root": "0xf783",
    "square-root-box": "0xf9a2",
    "square-small": "0xfa14",
    "squeegee": "0xfae0",
    "ssh": "0xf8bf",
    "stack-exchange": "0xf60b",
    "stack-overflow": "0xf4cc",
    "stadium": "0xf71f",
    "stairs": "0xf4cd",
    "standard-definition": "0xf7ee",
    "star": "0xf4ce",
    "star-box": "0xfa72",
    "star-box-outline": "0xfa73",
    "star-circle": "0xf4cf",
    "star-circle-outline": "0xf9a3",
    "star-face": "0xf9a4",
    "star-four-points": "0xfae1",
    "star-four-points-outline": "0xfae2",
    "star-half": "0xf4d0",
    "star-off": "0xf4d1",
    "star-outline": "0xf4d2",
    "star-three-points": "0xfae3",
    "star-three-points-outline": "0xfae4",
    "steam": "0xf4d3",
    "steam-box": "0xf90c",
    "steering": "0xf4d4",
    "steering-off": "0xf90d",
    "step-backward": "0xf4d5",
    "step-backward-2": "0xf4d6",
    "step-forward": "0xf4d7",
    "step-forward-2": "0xf4d8",
    "stethoscope": "0xf4d9",
    "sticker": "0xf5d0",
    "sticker-emoji": "0xf784",
    "stocking": "0xf4da",
    "stop": "0xf4db",
    "stop-circle": "0xf666",
    "stop-circle-outline": "0xf667",
    "store": "0xf4dc",
    "store-24-hour": "0xf4dd",
    "stove": "0xf4de",
    "strava": "0xfb25",
    "subdirectory-arrow-left": "0xf60c",
    "subdirectory-arrow-right": "0xf60d",
    "subtitles": "0xfa15",
    "subtitles-outline": "0xfa16",
    "subway": "0xf6ab",
    "subway-variant": "0xf4df",
    "summit": "0xf785",
    "sunglasses": "0xf4e0",
    "surround-sound": "0xf5c5",
    "surround-sound-2-0": "0xf7ef",
    "surround-sound-3-1": "0xf7f0",
    "surround-sound-5-1": "0xf7f1",
    "surround-sound-7-1": "0xf7f2",
    "svg": "0xf720",
    "swap-horizontal": "0xf4e1",
    "swap-horizontal-bold": "0xfba9",
    "swap-horizontal-variant": "0xf8c0",
    "swap-vertical": "0xf4e2",
    "swap-vertical-bold": "0xfbaa",
    "swap-vertical-variant": "0xf8c1",
    "swim": "0xf4e3",
    "switch": "0xf4e4",
    "sword": "0xf4e5",
    "sword-cross": "0xf786",
    "symfony": "0xfae5",
    "sync": "0xf4e6",
    "sync-alert": "0xf4e7",
    "sync-off": "0xf4e8",
    "tab": "0xf4e9",
    "tab-minus": "0xfb26",
    "tab-plus": "0xf75b",
    "tab-remove": "0xfb27",
    "tab-unselected": "0xf4ea",
    "table": "0xf4eb",
    "table-border": "0xfa17",
    "table-column": "0xf834",
    "table-column-plus-after": "0xf4ec",
    "table-column-plus-before": "0xf4ed",
    "table-column-remove": "0xf4ee",
    "table-column-width": "0xf4ef",
    "table-edit": "0xf4f0",
    "table-large": "0xf4f1",
    "table-merge-cells": "0xf9a5",
    "table-of-contents": "0xf835",
    "table-plus": "0xfa74",
    "table-remove": "0xfa75",
    "table-row": "0xf836",
    "table-row-height": "0xf4f2",
    "table-row-plus-after": "0xf4f3",
    "table-row-plus-before": "0xf4f4",
    "table-row-remove": "0xf4f5",
    "table-search": "0xf90e",
    "table-settings": "0xf837",
    "tablet": "0xf4f6",
    "tablet-android": "0xf4f7",
    "tablet-cellphone": "0xf9a6",
    "tablet-ipad": "0xf4f8",
    "taco": "0xf761",
    "tag": "0xf4f9",
    "tag-faces": "0xf4fa",
    "tag-heart": "0xf68a",
    "tag-heart-outline": "0xfbab",
    "tag-minus": "0xf90f",
    "tag-multiple": "0xf4fb",
    "tag-outline": "0xf4fc",
    "tag-plus": "0xf721",
    "tag-remove": "0xf722",
    "tag-text-outline": "0xf4fd",
    "tape-measure": "0xfb28",
    "target": "0xf4fe",
    "target-account": "0xfbac",
    "target-variant": "0xfa76",
    "taxi": "0xf4ff",
    "teach": "0xf88f",
    "teamviewer": "0xf500",
    "telegram": "0xf501",
    "telescope": "0xfb29",
    "television": "0xf502",
    "television-box": "0xf838",
    "television-classic": "0xf7f3",
    "television-classic-off": "0xf839",
    "television-guide": "0xf503",
    "television-off": "0xf83a",
    "temperature-celsius": "0xf504",
    "temperature-fahrenheit": "0xf505",
    "temperature-kelvin": "0xf506",
    "tennis": "0xf507",
    "tent": "0xf508",
    "terrain": "0xf509",
    "test-tube": "0xf668",
    "test-tube-empty": "0xf910",
    "test-tube-off": "0xf911",
    "text": "0xf9a7",
    "text-shadow": "0xf669",
    "text-short": "0xf9a8",
    "text-subject": "0xf9a9",
    "text-to-speech": "0xf50a",
    "text-to-speech-off": "0xf50b",
    "textbox": "0xf60e",
    "textbox-password": "0xf7f4",
    "texture": "0xf50c",
    "theater": "0xf50d",
    "theme-light-dark": "0xf50e",
    "thermometer": "0xf50f",
    "thermometer-lines": "0xf510",
    "thermostat": "0xf393",
    "thermostat-box": "0xf890",
    "thought-bubble": "0xf7f5",
    "thought-bubble-outline": "0xf7f6",
    "thumb-down": "0xf511",
    "thumb-down-outline": "0xf512",
    "thumb-up": "0xf513",
    "thumb-up-outline": "0xf514",
    "thumbs-up-down": "0xf515",
    "ticket": "0xf516",
    "ticket-account": "0xf517",
    "ticket-confirmation": "0xf518",
    "ticket-outline": "0xf912",
    "ticket-percent": "0xf723",
    "tie": "0xf519",
    "tilde": "0xf724",
    "timelapse": "0xf51a",
    "timeline": "0xfbad",
    "timeline-outline": "0xfbae",
    "timeline-text": "0xfbaf",
    "timeline-text-outline": "0xfbb0",
    "timer": "0xf51b",
    "timer-10": "0xf51c",
    "timer-3": "0xf51d",
    "timer-off": "0xf51e",
    "timer-sand": "0xf51f",
    "timer-sand-empty": "0xf6ac",
    "timer-sand-full": "0xf78b",
    "timetable": "0xf520",
    "toggle-switch": "0xf521",
    "toggle-switch-off": "0xf522",
    "toggle-switch-off-outline": "0xfa18",
    "toggle-switch-outline": "0xfa19",
    "toilet": "0xf9aa",
    "toolbox": "0xf9ab",
    "toolbox-outline": "0xf9ac",
    "tooltip": "0xf523",
    "tooltip-edit": "0xf524",
    "tooltip-image": "0xf525",
    "tooltip-image-outline": "0xfbb1",
    "tooltip-outline": "0xf526",
    "tooltip-plus": "0xfbb2",
    "tooltip-plus-outline": "0xf527",
    "tooltip-text": "0xf528",
    "tooltip-text-outline": "0xfbb3",
    "tooth": "0xf8c2",
    "tooth-outline": "0xf529",
    "tor": "0xf52a",
    "tournament": "0xf9ad",
    "tower-beach": "0xf680",
    "tower-fire": "0xf681",
    "towing": "0xf83b",
    "track-light": "0xf913",
    "trackpad": "0xf7f7",
    "trackpad-lock": "0xf932",
    "tractor": "0xf891",
    "trademark": "0xfa77",
    "traffic-light": "0xf52b",
    "train": "0xf52c",
    "train-car": "0xfbb4",
    "train-variant": "0xf8c3",
    "tram": "0xf52d",
    "transcribe": "0xf52e",
    "transcribe-close": "0xf52f",
    "transfer": "0xf530",
    "transit-transfer": "0xf6ad",
    "transition": "0xf914",
    "transition-masked": "0xf915",
    "translate": "0xf5ca",
    "trash-can": "0xfa78",
    "trash-can-outline": "0xfa79",
    "treasure-chest": "0xf725",
    "tree": "0xf531",
    "trello": "0xf532",
    "trending-down": "0xf533",
    "trending-neutral": "0xf534",
    "trending-up": "0xf535",
    "triangle": "0xf536",
    "triangle-outline": "0xf537",
    "triforce": "0xfbb5",
    "trophy": "0xf538",
    "trophy-award": "0xf539",
    "trophy-outline": "0xf53a",
    "trophy-variant": "0xf53b",
    "trophy-variant-outline": "0xf53c",
    "truck": "0xf53d",
    "truck-delivery": "0xf53e",
    "truck-fast": "0xf787",
    "truck-trailer": "0xf726",
    "tshirt-crew": "0xfa7a",
    "tshirt-crew-outline": "0xf53f",
    "tshirt-v": "0xfa7b",
    "tshirt-v-outline": "0xf540",
    "tumble-dryer": "0xf916",
    "tumblr": "0xf541",
    "tumblr-box": "0xf917",
    "tumblr-reblog": "0xf542",
    "tune": "0xf62e",
    "tune-vertical": "0xf66a",
    "twitch": "0xf543",
    "twitter": "0xf544",
    "twitter-box": "0xf545",
    "twitter-circle": "0xf546",
    "twitter-retweet": "0xf547",
    "two-factor-authentication": "0xf9ae",
    "uber": "0xf748",
    "ubisoft": "0xfbb6",
    "ubuntu": "0xf548",
    "ultra-high-definition": "0xf7f8",
    "umbraco": "0xf549",
    "umbrella": "0xf54a",
    "umbrella-closed": "0xf9af",
    "umbrella-outline": "0xf54b",
    "undo": "0xf54c",
    "undo-variant": "0xf54d",
    "unfold-less-horizontal": "0xf54e",
    "unfold-less-vertical": "0xf75f",
    "unfold-more-horizontal": "0xf54f",
    "unfold-more-vertical": "0xf760",
    "ungroup": "0xf550",
    "unity": "0xf6ae",
    "unreal": "0xf9b0",
    "untappd": "0xf551",
    "update": "0xf6af",
    "upload": "0xf552",
    "upload-multiple": "0xf83c",
    "upload-network": "0xf6f5",
    "usb": "0xf553",
    "van-passenger": "0xf7f9",
    "van-utility": "0xf7fa",
    "vanish": "0xf7fb",
    "variable": "0xfae6",
    "vector-arrange-above": "0xf554",
    "vector-arrange-below": "0xf555",
    "vector-bezier": "0xfae7",
    "vector-circle": "0xf556",
    "vector-circle-variant": "0xf557",
    "vector-combine": "0xf558",
    "vector-curve": "0xf559",
    "vector-difference": "0xf55a",
    "vector-difference-ab": "0xf55b",
    "vector-difference-ba": "0xf55c",
    "vector-ellipse": "0xf892",
    "vector-intersection": "0xf55d",
    "vector-line": "0xf55e",
    "vector-point": "0xf55f",
    "vector-polygon": "0xf560",
    "vector-polyline": "0xf561",
    "vector-radius": "0xf749",
    "vector-rectangle": "0xf5c6",
    "vector-selection": "0xf562",
    "vector-square": "0xf001",
    "vector-triangle": "0xf563",
    "vector-union": "0xf564",
    "venmo": "0xf578",
    "verified": "0xf565",
    "vhs": "0xfa1a",
    "vibrate": "0xf566",
    "video": "0xf567",
    "video-3d": "0xf7fc",
    "video-4k-box": "0xf83d",
    "video-account": "0xf918",
    "video-image": "0xf919",
    "video-input-antenna": "0xf83e",
    "video-input-component": "0xf83f",
    "video-input-hdmi": "0xf840",
    "video-input-svideo": "0xf841",
    "video-minus": "0xf9b1",
    "video-off": "0xf568",
    "video-off-outline": "0xfbb7",
    "video-outline": "0xfbb8",
    "video-plus": "0xf9b2",
    "video-stabilization": "0xf91a",
    "video-switch": "0xf569",
    "video-vintage": "0xfa1b",
    "view-agenda": "0xf56a",
    "view-array": "0xf56b",
    "view-carousel": "0xf56c",
    "view-column": "0xf56d",
    "view-dashboard": "0xf56e",
    "view-dashboard-outline": "0xfa1c",
    "view-dashboard-variant": "0xf842",
    "view-day": "0xf56f",
    "view-grid": "0xf570",
    "view-headline": "0xf571",
    "view-list": "0xf572",
    "view-module": "0xf573",
    "view-parallel": "0xf727",
    "view-quilt": "0xf574",
    "view-sequential": "0xf728",
    "view-split-horizontal": "0xfba7",
    "view-split-vertical": "0xfba8",
    "view-stream": "0xf575",
    "view-week": "0xf576",
    "vimeo": "0xf577",
    "violin": "0xf60f",
    "virtual-reality": "0xf893",
    "visual-studio": "0xf610",
    "visual-studio-code": "0xfa1d",
    "vk": "0xf579",
    "vk-box": "0xf57a",
    "vk-circle": "0xf57b",
    "vlc": "0xf57c",
    "voice": "0xf5cb",
    "voicemail": "0xf57d",
    "volleyball": "0xf9b3",
    "volume-high": "0xf57e",
    "volume-low": "0xf57f",
    "volume-medium": "0xf580",
    "volume-minus": "0xf75d",
    "volume-mute": "0xf75e",
    "volume-off": "0xf581",
    "volume-plus": "0xf75c",
    "vote": "0xfa1e",
    "vote-outline": "0xfa1f",
    "vpn": "0xf582",
    "vuejs": "0xf843",
    "walk": "0xf583",
    "wall": "0xf7fd",
    "wall-sconce": "0xf91b",
    "wall-sconce-flat": "0xf91c",
    "wall-sconce-variant": "0xf91d",
    "wallet": "0xf584",
    "wallet-giftcard": "0xf585",
    "wallet-membership": "0xf586",
    "wallet-outline": "0xfbb9",
    "wallet-travel": "0xf587",
    "wan": "0xf588",
    "washing-machine": "0xf729",
    "watch": "0xf589",
    "watch-export": "0xf58a",
    "watch-export-variant": "0xf894",
    "watch-import": "0xf58b",
    "watch-import-variant": "0xf895",
    "watch-variant": "0xf896",
    "watch-vibrate": "0xf6b0",
    "water": "0xf58c",
    "water-off": "0xf58d",
    "water-percent": "0xf58e",
    "water-pump": "0xf58f",
    "watermark": "0xf612",
    "waves": "0xf78c",
    "waze": "0xfbba",
    "weather-cloudy": "0xf590",
    "weather-fog": "0xf591",
    "weather-hail": "0xf592",
    "weather-hurricane": "0xf897",
    "weather-lightning": "0xf593",
    "weather-lightning-rainy": "0xf67d",
    "weather-night": "0xf594",
    "weather-partlycloudy": "0xf595",
    "weather-pouring": "0xf596",
    "weather-rainy": "0xf597",
    "weather-snowy": "0xf598",
    "weather-snowy-rainy": "0xf67e",
    "weather-sunny": "0xf599",
    "weather-sunset": "0xf59a",
    "weather-sunset-down": "0xf59b",
    "weather-sunset-up": "0xf59c",
    "weather-windy": "0xf59d",
    "weather-windy-variant": "0xf59e",
    "web": "0xf59f",
    "webcam": "0xf5a0",
    "webhook": "0xf62f",
    "webpack": "0xf72a",
    "wechat": "0xf611",
    "weight": "0xf5a1",
    "weight-kilogram": "0xf5a2",
    "weight-pound": "0xf9b4",
    "whatsapp": "0xf5a3",
    "wheelchair-accessibility": "0xf5a4",
    "whistle": "0xf9b5",
    "white-balance-auto": "0xf5a5",
    "white-balance-incandescent": "0xf5a6",
    "white-balance-iridescent": "0xf5a7",
    "white-balance-sunny": "0xf5a8",
    "widgets": "0xf72b",
    "wifi": "0xf5a9",
    "wifi-off": "0xf5aa",
    "wifi-strength-1": "0xf91e",
    "wifi-strength-1-alert": "0xf91f",
    "wifi-strength-1-lock": "0xf920",
    "wifi-strength-2": "0xf921",
    "wifi-strength-2-alert": "0xf922",
    "wifi-strength-2-lock": "0xf923",
    "wifi-strength-3": "0xf924",
    "wifi-strength-3-alert": "0xf925",
    "wifi-strength-3-lock": "0xf926",
    "wifi-strength-4": "0xf927",
    "wifi-strength-4-alert": "0xf928",
    "wifi-strength-4-lock": "0xf929",
    "wifi-strength-alert-outline": "0xf92a",
    "wifi-strength-lock-outline": "0xf92b",
    "wifi-strength-off": "0xf92c",
    "wifi-strength-off-outline": "0xf92d",
    "wifi-strength-outline": "0xf92e",
    "wii": "0xf5ab",
    "wiiu": "0xf72c",
    "wikipedia": "0xf5ac",
    "window-close": "0xf5ad",
    "window-closed": "0xf5ae",
    "window-maximize": "0xf5af",
    "window-minimize": "0xf5b0",
    "window-open": "0xf5b1",
    "window-restore": "0xf5b2",
    "windows": "0xf5b3",
    "windows-classic": "0xfa20",
    "wiper": "0xfae8",
    "wordpress": "0xf5b4",
    "worker": "0xf5b5",
    "wrap": "0xf5b6",
    "wrap-disabled": "0xfbbb",
    "wrench": "0xf5b7",
    "wrench-outline": "0xfbbc",
    "wunderlist": "0xf5b8",
    "xamarin": "0xf844",
    "xamarin-outline": "0xf845",
    "xaml": "0xf673",
    "xbox": "0xf5b9",
    "xbox-controller": "0xf5ba",
    "xbox-controller-battery-alert": "0xf74a",
    "xbox-controller-battery-charging": "0xfa21",
    "xbox-controller-battery-empty": "0xf74b",
    "xbox-controller-battery-full": "0xf74c",
    "xbox-controller-battery-low": "0xf74d",
    "xbox-controller-battery-medium": "0xf74e",
    "xbox-controller-battery-unknown": "0xf74f",
    "xbox-controller-off": "0xf5bb",
    "xda": "0xf5bc",
    "xing": "0xf5bd",
    "xing-box": "0xf5be",
    "xing-circle": "0xf5bf",
    "xml": "0xf5c0",
    "xmpp": "0xf7fe",
    "yahoo": "0xfb2a",
    "yammer": "0xf788",
    "yeast": "0xf5c1",
    "yelp": "0xf5c2",
    "yin-yang": "0xf67f",
    "youtube": "0xf5c3",
    "youtube-creator-studio": "0xf846",
    "youtube-gaming": "0xf847",
    "youtube-tv": "0xf448",
    "z-wave": "0xfae9",
    "zend": "0xfaea",
    "zip-box": "0xf5c4",
    "zip-disk": "0xfa22",
    "zodiac-aquarius": "0xfa7c",
    "zodiac-aries": "0xfa7d",
    "zodiac-cancer": "0xfa7e",
    "zodiac-capricorn": "0xfa7f",
    "zodiac-gemini": "0xfa80",
    "zodiac-leo": "0xfa81",
    "zodiac-libra": "0xfa82",
    "zodiac-pisces": "0xfa83",
    "zodiac-sagittarius": "0xfa84",
    "zodiac-scorpio": "0xfa85",
    "zodiac-taurus": "0xfa86",
    "zodiac-virgo": "0xfa87"
}